#id,#GlobalStep,#Action,#Execute,#TestCase,#timeout,#Comment,#ScriptDirectory,#ScriptName,#Parameters,,,,,,,,,,,,,,,,,,,,,,,,,,,,,,,,,,,,,,,,,,,,,,,,,,,,,,,
CS,CleanSystem,ExecuteScript,TRUE,,0,,./,Purge.sh,,,,,,,,,,,,,,,,,,,,,,,,,,,,,,,,,,,,,,,,,,,,,,,,,,,,,,,,
,,,,,,,,,,,,,,,,,,,,,,,,,,,,,,,,,,,,,,,,,,,,,,,,,,,,,,,,,,,,,,,,
#id,#GlobalStep,#Action,#Execute,#TestCase,#timeout,#Comment,#ScriptDirectory,#ScriptName,#Parameters,,,,,,,,,,,,,,,,,,,,,,,,,,,,,,,,,,,,,,,,,,,,,,,,,,,,,,,
R_TS,ResetTimeSchedules,ExecuteScript,TRUE,,0,,./,Turnoff.sh,,,,,,,,,,,,,,,,,,,,,,,,,,,,,,,,,,,,,,,,,,,,,,,,,,,,,,,,
,,,,,,,,,,,,,,,,,,,,,,,,,,,,,,,,,,,,,,,,,,,,,,,,,,,,,,,,,,,,,,,,
#id,#GlobalStep,#Action,#Execute,#TestCase,#timeout,#Comment,#Prefix,#ISIN,,,,,,,,,,,,,,,,,,,,,,,,,,,,,,,,,,,,,,,,,,,,,,,,,,,,,,,,
Static,Static,SetStatic,TRUE,,0,,@{gen('ggg')},1000000,,,,,,,,,,,,,,,,,,,,,,,,,,,,,,,,,,,,,,,,,,,,,,,,,,,,,,,,
,,,,,,,,,,,,,,,,,,,,,,,,,,,,,,,,,,,,,,,,,,,,,,,,,,,,,,,,,,,,,,,,
//Generated by Sequoia v.0.1

#id,#GlobalStep,#Action,#Execute,#TestCase,#Timeout,#Comment,#MsgType,#CentralModule,#ServerType,#TransactionNbr,#Items,#NamedStruct1,#StructSize1,#TrCode_CountryId,#TrCode_CustomerId,#TrCode_UserId,#Series_Country,#Series_Market,#Series_InstrumentGroup,#Series_Modifier,#Series_Commodity,#Series_ExpirationDate,#Series_StrikePlace,#OrderNumber,#SequenceNumber,#TradeNumber,#DealPrice,#TradeQuantity,#Account_CountryId,#Account_ExCustomer,#Account_AccountId,#Account_Filler3,#CustomerInfo,#BoughtOrSold,#DealSource,#OpenCloseReq,#TradeType,#UserCode_CountryId,#UserCode_CustomerId,#UserCode_UserId,#TradeState,#DealNumber,#ExchInfo_TraderId,#ExchInfo_CPTraderId,#ExchInfo_AmalgCode,#ExchInfo_SettCurrency,#ExchInfo_CPFFlag,#ExchInfo_CustomerInfo,#ClearingDate,#ExecTS_tv_sec,#ExecTS_tv_nsec,#Instance,#Party_CountryId,#Party_ExCustomer,#Party_Filler1,#TradeRepCode,#NamedStruct2,#StructSize2,#SGETradeNumber,#NamedStruct3,#StructSize3,#CorrYieldPrice,#AccruedInterest,#Consideration
S_DBuy_1,SendDeal,SendBroadcast,TRUE,,100,,CB15,C,B,15,3,BaseAPI,284,ST,03XXX,TRCU1,SGX,Ready,Cash,0,1,0,0,1;1;2;1,2,@{Static.Prefix}0001,97,28,ST,27XXX,1110001,'',Buy1,Buy,Auto,No Contra,New,ST,ERXXX,USX21,Active,@{Static.Prefix}0001,EXINF,CP1,0,SGD,Non-CPF,Buy_@{Static.Prefix}1,"@{format(time(-3),'yyyyMMdd')}",36000,0,1,ST,CPAR2,,1,SGEAPI,4,@{Static.Prefix}0001,FixedIncomeAPI,20,0,0,0
S_DSell_1,SendDeal,SendBroadcast,TRUE,,100,,CB15,C,B,15,3,BaseAPI,284,ST,04XXX,TRCU1,SGX,Ready,Cash,0,1,0,0,1;1;2;1,2,@{Static.Prefix}0001,97,28,ST,27XXX,1110001,'',Sell1,Sell,Auto,No Contra,New,ST,ERXXX,USX21,Active,@{Static.Prefix}0001,EXINF,CP1,0,SGD,Non-CPF,Sell_@{Static.Prefix}1,"@{format(time(-3),'yyyyMMdd')}",36000,0,1,ST,CPAR2,,1,SGEAPI,4,@{Static.Prefix}0001,FixedIncomeAPI,20,0,0,0
S_DBuy_2,SendDeal,SendBroadcast,TRUE,,100,,CB15,C,B,15,3,BaseAPI,284,ST,03XXX,TRCU1,SGX,Ready,Cash,0,1,0,0,1;1;2;2,2,@{Static.Prefix}0002,54,8,ST,27XXX,1110001,'',Buy2,Buy,Auto,No Contra,New,ST,ERXXX,USX21,Active,@{Static.Prefix}0002,EXINF,CP1,0,SGD,Non-CPF,Buy_@{Static.Prefix}2,"@{format(time(-3),'yyyyMMdd')}",36000,0,1,ST,CPAR2,,1,SGEAPI,4,@{Static.Prefix}0002,FixedIncomeAPI,20,0,0,0
S_DSell_2,SendDeal,SendBroadcast,TRUE,,100,,CB15,C,B,15,3,BaseAPI,284,ST,04XXX,TRCU1,SGX,Ready,Cash,0,1,0,0,1;1;2;2,2,@{Static.Prefix}0002,54,8,ST,27XXX,1110001,'',Sell2,Sell,Auto,No Contra,New,ST,ERXXX,USX21,Active,@{Static.Prefix}0002,EXINF,CP1,0,SGD,Non-CPF,Sell_@{Static.Prefix}2,"@{format(time(-3),'yyyyMMdd')}",36000,0,1,ST,CPAR2,,1,SGEAPI,4,@{Static.Prefix}0002,FixedIncomeAPI,20,0,0,0
S_DBuy_3,SendDeal,SendBroadcast,TRUE,,100,,CB15,C,B,15,3,BaseAPI,284,ST,03XXX,TRCU1,SGX,Ready,Cash,0,1,0,0,1;1;2;3,2,@{Static.Prefix}0003,98,30,ST,27XXX,1110001,'',Buy3,Buy,Auto,No Contra,New,ST,ERXXX,USX21,Active,@{Static.Prefix}0003,EXINF,CP1,0,SGD,Non-CPF,Buy_@{Static.Prefix}3,"@{format(time(-3),'yyyyMMdd')}",36000,0,1,ST,CPAR2,,1,SGEAPI,4,@{Static.Prefix}0003,FixedIncomeAPI,20,0,0,0
S_DSell_3,SendDeal,SendBroadcast,TRUE,,100,,CB15,C,B,15,3,BaseAPI,284,ST,04XXX,TRCU1,SGX,Ready,Cash,0,1,0,0,1;1;2;3,2,@{Static.Prefix}0003,98,30,ST,27XXX,1110001,'',Sell3,Sell,Auto,No Contra,New,ST,ERXXX,USX21,Active,@{Static.Prefix}0003,EXINF,CP1,0,SGD,Non-CPF,Sell_@{Static.Prefix}3,"@{format(time(-3),'yyyyMMdd')}",36000,0,1,ST,CPAR2,,1,SGEAPI,4,@{Static.Prefix}0003,FixedIncomeAPI,20,0,0,0
S_DBuy_4,SendDeal,SendBroadcast,TRUE,,100,,CB15,C,B,15,3,BaseAPI,284,ST,03XXX,TRCU1,SGX,Ready,Cash,0,1,0,0,1;1;2;4,2,@{Static.Prefix}0004,76,12,ST,27XXX,1110001,'',Buy4,Buy,Auto,No Contra,New,ST,ERXXX,USX21,Active,@{Static.Prefix}0004,EXINF,CP1,0,SGD,Non-CPF,Buy_@{Static.Prefix}4,"@{format(time(-3),'yyyyMMdd')}",36000,0,1,ST,CPAR2,,1,SGEAPI,4,@{Static.Prefix}0004,FixedIncomeAPI,20,0,0,0
S_DSell_4,SendDeal,SendBroadcast,TRUE,,100,,CB15,C,B,15,3,BaseAPI,284,ST,04XXX,TRCU1,SGX,Ready,Cash,0,1,0,0,1;1;2;4,2,@{Static.Prefix}0004,76,12,ST,27XXX,1110001,'',Sell4,Sell,Auto,No Contra,New,ST,ERXXX,USX21,Active,@{Static.Prefix}0004,EXINF,CP1,0,SGD,Non-CPF,Sell_@{Static.Prefix}4,"@{format(time(-3),'yyyyMMdd')}",36000,0,1,ST,CPAR2,,1,SGEAPI,4,@{Static.Prefix}0004,FixedIncomeAPI,20,0,0,0
S_DBuy_5,SendDeal,SendBroadcast,TRUE,,100,,CB15,C,B,15,3,BaseAPI,284,ST,03XXX,TRCU1,SGX,Ready,Cash,0,1,0,0,1;1;2;5,2,@{Static.Prefix}0005,82,25,ST,27XXX,1110001,'',Buy5,Buy,Auto,No Contra,New,ST,ERXXX,USX21,Active,@{Static.Prefix}0005,EXINF,CP1,0,SGD,Non-CPF,Buy_@{Static.Prefix}5,"@{format(time(-3),'yyyyMMdd')}",36000,0,1,ST,CPAR2,,1,SGEAPI,4,@{Static.Prefix}0005,FixedIncomeAPI,20,0,0,0
S_DSell_5,SendDeal,SendBroadcast,TRUE,,100,,CB15,C,B,15,3,BaseAPI,284,ST,04XXX,TRCU1,SGX,Ready,Cash,0,1,0,0,1;1;2;5,2,@{Static.Prefix}0005,82,25,ST,27XXX,1110001,'',Sell5,Sell,Auto,No Contra,New,ST,ERXXX,USX21,Active,@{Static.Prefix}0005,EXINF,CP1,0,SGD,Non-CPF,Sell_@{Static.Prefix}5,"@{format(time(-3),'yyyyMMdd')}",36000,0,1,ST,CPAR2,,1,SGEAPI,4,@{Static.Prefix}0005,FixedIncomeAPI,20,0,0,0
S_DBuy_6,SendDeal,SendBroadcast,TRUE,,100,,CB15,C,B,15,3,BaseAPI,284,ST,03XXX,TRCU1,SGX,Ready,Cash,0,1,0,0,1;1;2;6,2,@{Static.Prefix}0006,92,44,ST,27XXX,1110001,'',Buy6,Buy,Auto,No Contra,New,ST,ERXXX,USX21,Active,@{Static.Prefix}0006,EXINF,CP1,0,SGD,Non-CPF,Buy_@{Static.Prefix}6,"@{format(time(-3),'yyyyMMdd')}",36000,0,1,ST,CPAR2,,1,SGEAPI,4,@{Static.Prefix}0006,FixedIncomeAPI,20,0,0,0
S_DSell_6,SendDeal,SendBroadcast,TRUE,,100,,CB15,C,B,15,3,BaseAPI,284,ST,04XXX,TRCU1,SGX,Ready,Cash,0,1,0,0,1;1;2;6,2,@{Static.Prefix}0006,92,44,ST,27XXX,1110001,'',Sell6,Sell,Auto,No Contra,New,ST,ERXXX,USX21,Active,@{Static.Prefix}0006,EXINF,CP1,0,SGD,Non-CPF,Sell_@{Static.Prefix}6,"@{format(time(-3),'yyyyMMdd')}",36000,0,1,ST,CPAR2,,1,SGEAPI,4,@{Static.Prefix}0006,FixedIncomeAPI,20,0,0,0
S_DBuy_7,SendDeal,SendBroadcast,TRUE,,100,,CB15,C,B,15,3,BaseAPI,284,ST,03XXX,TRCU1,SGX,Ready,Cash,0,1,0,0,1;1;2;7,2,@{Static.Prefix}0007,20,20,ST,27XXX,1110001,'',Buy7,Buy,Auto,No Contra,New,ST,ERXXX,USX21,Active,@{Static.Prefix}0007,EXINF,CP1,0,SGD,Non-CPF,Buy_@{Static.Prefix}7,"@{format(time(-3),'yyyyMMdd')}",36000,0,1,ST,CPAR2,,1,SGEAPI,4,@{Static.Prefix}0007,FixedIncomeAPI,20,0,0,0
S_DSell_7,SendDeal,SendBroadcast,TRUE,,100,,CB15,C,B,15,3,BaseAPI,284,ST,04XXX,TRCU1,SGX,Ready,Cash,0,1,0,0,1;1;2;7,2,@{Static.Prefix}0007,20,20,ST,27XXX,1110001,'',Sell7,Sell,Auto,No Contra,New,ST,ERXXX,USX21,Active,@{Static.Prefix}0007,EXINF,CP1,0,SGD,Non-CPF,Sell_@{Static.Prefix}7,"@{format(time(-3),'yyyyMMdd')}",36000,0,1,ST,CPAR2,,1,SGEAPI,4,@{Static.Prefix}0007,FixedIncomeAPI,20,0,0,0
S_DBuy_8,SendDeal,SendBroadcast,TRUE,,100,,CB15,C,B,15,3,BaseAPI,284,ST,03XXX,TRCU1,SGX,Ready,Cash,0,1,0,0,1;1;2;8,2,@{Static.Prefix}0008,84,36,ST,27XXX,1110001,'',Buy8,Buy,Auto,No Contra,New,ST,ERXXX,USX21,Active,@{Static.Prefix}0008,EXINF,CP1,0,SGD,Non-CPF,Buy_@{Static.Prefix}8,"@{format(time(-3),'yyyyMMdd')}",36000,0,1,ST,CPAR2,,1,SGEAPI,4,@{Static.Prefix}0008,FixedIncomeAPI,20,0,0,0
S_DSell_8,SendDeal,SendBroadcast,TRUE,,100,,CB15,C,B,15,3,BaseAPI,284,ST,04XXX,TRCU1,SGX,Ready,Cash,0,1,0,0,1;1;2;8,2,@{Static.Prefix}0008,84,36,ST,27XXX,1110001,'',Sell8,Sell,Auto,No Contra,New,ST,ERXXX,USX21,Active,@{Static.Prefix}0008,EXINF,CP1,0,SGD,Non-CPF,Sell_@{Static.Prefix}8,"@{format(time(-3),'yyyyMMdd')}",36000,0,1,ST,CPAR2,,1,SGEAPI,4,@{Static.Prefix}0008,FixedIncomeAPI,20,0,0,0
S_DBuy_9,SendDeal,SendBroadcast,TRUE,,100,,CB15,C,B,15,3,BaseAPI,284,ST,03XXX,TRCU1,SGX,Ready,Cash,0,1,0,0,1;1;2;9,2,@{Static.Prefix}0009,28,38,ST,27XXX,1110001,'',Buy9,Buy,Auto,No Contra,New,ST,ERXXX,USX21,Active,@{Static.Prefix}0009,EXINF,CP1,0,SGD,Non-CPF,Buy_@{Static.Prefix}9,"@{format(time(-3),'yyyyMMdd')}",36000,0,1,ST,CPAR2,,1,SGEAPI,4,@{Static.Prefix}0009,FixedIncomeAPI,20,0,0,0
S_DSell_9,SendDeal,SendBroadcast,TRUE,,100,,CB15,C,B,15,3,BaseAPI,284,ST,04XXX,TRCU1,SGX,Ready,Cash,0,1,0,0,1;1;2;9,2,@{Static.Prefix}0009,28,38,ST,27XXX,1110001,'',Sell9,Sell,Auto,No Contra,New,ST,ERXXX,USX21,Active,@{Static.Prefix}0009,EXINF,CP1,0,SGD,Non-CPF,Sell_@{Static.Prefix}9,"@{format(time(-3),'yyyyMMdd')}",36000,0,1,ST,CPAR2,,1,SGEAPI,4,@{Static.Prefix}0009,FixedIncomeAPI,20,0,0,0
S_DBuy_10,SendDeal,SendBroadcast,TRUE,,100,,CB15,C,B,15,3,BaseAPI,284,ST,03XXX,TRCU1,SGX,Ready,Cash,0,1,0,0,1;1;2;10,2,@{Static.Prefix}0010,99,33,ST,27XXX,1110001,'',Buy10,Buy,Auto,No Contra,New,ST,ERXXX,USX21,Active,@{Static.Prefix}0010,EXINF,CP1,0,SGD,Non-CPF,Buy_@{Static.Prefix}10,"@{format(time(-3),'yyyyMMdd')}",36000,0,1,ST,CPAR2,,1,SGEAPI,4,@{Static.Prefix}0010,FixedIncomeAPI,20,0,0,0
S_DSell_10,SendDeal,SendBroadcast,TRUE,,100,,CB15,C,B,15,3,BaseAPI,284,ST,04XXX,TRCU1,SGX,Ready,Cash,0,1,0,0,1;1;2;10,2,@{Static.Prefix}0010,99,33,ST,27XXX,1110001,'',Sell10,Sell,Auto,No Contra,New,ST,ERXXX,USX21,Active,@{Static.Prefix}0010,EXINF,CP1,0,SGD,Non-CPF,Sell_@{Static.Prefix}10,"@{format(time(-3),'yyyyMMdd')}",36000,0,1,ST,CPAR2,,1,SGEAPI,4,@{Static.Prefix}0010,FixedIncomeAPI,20,0,0,0

#id,#GlobalStep,#Action,#Execute,#TestCase,#Timeout,#Comment,#TradeDate,#ISD,#DealID,#CDPDealID,#Side,#TradingMember,#Account,#Instrument,#Married,#Overnight,#AllocPx,#AllocQty,#AllocValue,#TradeCurrency,#SettCurrency,#User,#Status,#AllocRef,#Created,#ParentAlloc,#Basis,#OriginalQty,#AI,#OriginalPx,#OriginalOrder,#Contra,#OriginalAccount,#ExchangeInfo,#CustomerInfo,#CPMember,#Siqty,#DefaultContra,#Cancelled_Pool_Id,#Cancelled_SI_Quantity,#Cancelled_Pool_Contra_Id,#LockStatus
V_ABuy_1,VerificationAllocation,VerifyAllocation,TRUE,,1000,,"@{format(time(-3),'yyyy/MM/dd')}","@{format(time(0),'yyyy/MM/dd')}",0010011000@{S_DBuy_2.SGETradeNumber},@{S_DBuy_2.SGETradeNumber},Buy,"2@{trimleft(S_DBuy_2.TrCode_CustomerId,2)}","2@{trimleft(S_DBuy_2.TrCode_CustomerId,2)}.@{S_DBuy_2.Account_AccountId}",INSTR_0@{S_DBuy_2.Series_Commodity},No,No,@{S_DBuy_2.DealPrice},@{S_DBuy_2.TradeQuantity},@{(int)S_DBuy_2.DealPrice*(int)S_DBuy_2.TradeQuantity},SGD,SGD,AUTO,New,null,"@{format(time(0),'yyyy/MM/dd')}",null,,@{S_DBuy_2.TradeQuantity},,,,No,,,@{S_DBuy_2.CustomerInfo},,Free,null,null,null,null,Free
V_ASell_1,VerificationAllocation,VerifyAllocation,TRUE,,1000,,"@{format(time(-3),'yyyy/MM/dd')}","@{format(time(0),'yyyy/MM/dd')}",0010011000@{S_DSell_2.SGETradeNumber},@{S_DSell_2.SGETradeNumber},Sell,"2@{trimleft(S_DSell_2.TrCode_CustomerId,2)}","2@{trimleft(S_DSell_2.TrCode_CustomerId,2)}.@{S_DSell_2.Account_AccountId}",INSTR_0@{S_DSell_2.Series_Commodity},No,No,@{S_DSell_2.DealPrice},@{S_DSell_2.TradeQuantity},@{(int)S_DSell_2.DealPrice*(int)S_DSell_2.TradeQuantity},SGD,SGD,AUTO,New,null,"@{format(time(0),'yyyy/MM/dd')}",null,,@{S_DSell_2.TradeQuantity},,,,No,,,@{S_DSell_2.CustomerInfo},,Free,null,null,null,null,Free
V_ABuy_2,VerificationAllocation,VerifyAllocation,TRUE,,1000,,"@{format(time(-3),'yyyy/MM/dd')}","@{format(time(0),'yyyy/MM/dd')}",0010011000@{S_DBuy_2.SGETradeNumber},@{S_DBuy_2.SGETradeNumber},Buy,"2@{trimleft(S_DBuy_2.TrCode_CustomerId,2)}","2@{trimleft(S_DBuy_2.TrCode_CustomerId,2)}.@{S_DBuy_2.Account_AccountId}",INSTR_0@{S_DBuy_2.Series_Commodity},No,No,@{S_DBuy_2.DealPrice},@{S_DBuy_2.TradeQuantity},@{(int)S_DBuy_2.DealPrice*(int)S_DBuy_2.TradeQuantity},SGD,SGD,AUTO,New,null,"@{format(time(0),'yyyy/MM/dd')}",null,,@{S_DBuy_2.TradeQuantity},,,,No,,,@{S_DBuy_2.CustomerInfo},,Free,null,null,null,null,Free
V_ASell_2,VerificationAllocation,VerifyAllocation,TRUE,,1000,,"@{format(time(-3),'yyyy/MM/dd')}","@{format(time(0),'yyyy/MM/dd')}",0010011000@{S_DSell_2.SGETradeNumber},@{S_DSell_2.SGETradeNumber},Sell,"2@{trimleft(S_DSell_2.TrCode_CustomerId,2)}","2@{trimleft(S_DSell_2.TrCode_CustomerId,2)}.@{S_DSell_2.Account_AccountId}",INSTR_0@{S_DSell_2.Series_Commodity},No,No,@{S_DSell_2.DealPrice},@{S_DSell_2.TradeQuantity},@{(int)S_DSell_2.DealPrice*(int)S_DSell_2.TradeQuantity},SGD,SGD,AUTO,New,null,"@{format(time(0),'yyyy/MM/dd')}",null,,@{S_DSell_2.TradeQuantity},,,,No,,,@{S_DSell_2.CustomerInfo},,Free,null,null,null,null,Free
V_ABuy_3,VerificationAllocation,VerifyAllocation,TRUE,,1000,,"@{format(time(-3),'yyyy/MM/dd')}","@{format(time(0),'yyyy/MM/dd')}",0010011000@{S_DBuy_2.SGETradeNumber},@{S_DBuy_2.SGETradeNumber},Buy,"2@{trimleft(S_DBuy_2.TrCode_CustomerId,2)}","2@{trimleft(S_DBuy_2.TrCode_CustomerId,2)}.@{S_DBuy_2.Account_AccountId}",INSTR_0@{S_DBuy_2.Series_Commodity},No,No,@{S_DBuy_2.DealPrice},@{S_DBuy_2.TradeQuantity},@{(int)S_DBuy_2.DealPrice*(int)S_DBuy_2.TradeQuantity},SGD,SGD,AUTO,New,null,"@{format(time(0),'yyyy/MM/dd')}",null,,@{S_DBuy_2.TradeQuantity},,,,No,,,@{S_DBuy_2.CustomerInfo},,Free,null,null,null,null,Free
V_ASell_3,VerificationAllocation,VerifyAllocation,TRUE,,1000,,"@{format(time(-3),'yyyy/MM/dd')}","@{format(time(0),'yyyy/MM/dd')}",0010011000@{S_DSell_2.SGETradeNumber},@{S_DSell_2.SGETradeNumber},Sell,"2@{trimleft(S_DSell_2.TrCode_CustomerId,2)}","2@{trimleft(S_DSell_2.TrCode_CustomerId,2)}.@{S_DSell_2.Account_AccountId}",INSTR_0@{S_DSell_2.Series_Commodity},No,No,@{S_DSell_2.DealPrice},@{S_DSell_2.TradeQuantity},@{(int)S_DSell_2.DealPrice*(int)S_DSell_2.TradeQuantity},SGD,SGD,AUTO,New,null,"@{format(time(0),'yyyy/MM/dd')}",null,,@{S_DSell_2.TradeQuantity},,,,No,,,@{S_DSell_2.CustomerInfo},,Free,null,null,null,null,Free
V_ABuy_4,VerificationAllocation,VerifyAllocation,TRUE,,1000,,"@{format(time(-3),'yyyy/MM/dd')}","@{format(time(0),'yyyy/MM/dd')}",0010011000@{S_DBuy_2.SGETradeNumber},@{S_DBuy_2.SGETradeNumber},Buy,"2@{trimleft(S_DBuy_2.TrCode_CustomerId,2)}","2@{trimleft(S_DBuy_2.TrCode_CustomerId,2)}.@{S_DBuy_2.Account_AccountId}",INSTR_0@{S_DBuy_2.Series_Commodity},No,No,@{S_DBuy_2.DealPrice},@{S_DBuy_2.TradeQuantity},@{(int)S_DBuy_2.DealPrice*(int)S_DBuy_2.TradeQuantity},SGD,SGD,AUTO,New,null,"@{format(time(0),'yyyy/MM/dd')}",null,,@{S_DBuy_2.TradeQuantity},,,,No,,,@{S_DBuy_2.CustomerInfo},,Free,null,null,null,null,Free
V_ASell_4,VerificationAllocation,VerifyAllocation,TRUE,,1000,,"@{format(time(-3),'yyyy/MM/dd')}","@{format(time(0),'yyyy/MM/dd')}",0010011000@{S_DSell_2.SGETradeNumber},@{S_DSell_2.SGETradeNumber},Sell,"2@{trimleft(S_DSell_2.TrCode_CustomerId,2)}","2@{trimleft(S_DSell_2.TrCode_CustomerId,2)}.@{S_DSell_2.Account_AccountId}",INSTR_0@{S_DSell_2.Series_Commodity},No,No,@{S_DSell_2.DealPrice},@{S_DSell_2.TradeQuantity},@{(int)S_DSell_2.DealPrice*(int)S_DSell_2.TradeQuantity},SGD,SGD,AUTO,New,null,"@{format(time(0),'yyyy/MM/dd')}",null,,@{S_DSell_2.TradeQuantity},,,,No,,,@{S_DSell_2.CustomerInfo},,Free,null,null,null,null,Free
V_ABuy_5,VerificationAllocation,VerifyAllocation,TRUE,,1000,,"@{format(time(-3),'yyyy/MM/dd')}","@{format(time(0),'yyyy/MM/dd')}",0010011000@{S_DBuy_2.SGETradeNumber},@{S_DBuy_2.SGETradeNumber},Buy,"2@{trimleft(S_DBuy_2.TrCode_CustomerId,2)}","2@{trimleft(S_DBuy_2.TrCode_CustomerId,2)}.@{S_DBuy_2.Account_AccountId}",INSTR_0@{S_DBuy_2.Series_Commodity},No,No,@{S_DBuy_2.DealPrice},@{S_DBuy_2.TradeQuantity},@{(int)S_DBuy_2.DealPrice*(int)S_DBuy_2.TradeQuantity},SGD,SGD,AUTO,New,null,"@{format(time(0),'yyyy/MM/dd')}",null,,@{S_DBuy_2.TradeQuantity},,,,No,,,@{S_DBuy_2.CustomerInfo},,Free,null,null,null,null,Free
V_ASell_5,VerificationAllocation,VerifyAllocation,TRUE,,1000,,"@{format(time(-3),'yyyy/MM/dd')}","@{format(time(0),'yyyy/MM/dd')}",0010011000@{S_DSell_2.SGETradeNumber},@{S_DSell_2.SGETradeNumber},Sell,"2@{trimleft(S_DSell_2.TrCode_CustomerId,2)}","2@{trimleft(S_DSell_2.TrCode_CustomerId,2)}.@{S_DSell_2.Account_AccountId}",INSTR_0@{S_DSell_2.Series_Commodity},No,No,@{S_DSell_2.DealPrice},@{S_DSell_2.TradeQuantity},@{(int)S_DSell_2.DealPrice*(int)S_DSell_2.TradeQuantity},SGD,SGD,AUTO,New,null,"@{format(time(0),'yyyy/MM/dd')}",null,,@{S_DSell_2.TradeQuantity},,,,No,,,@{S_DSell_2.CustomerInfo},,Free,null,null,null,null,Free
V_ABuy_6,VerificationAllocation,VerifyAllocation,TRUE,,1000,,"@{format(time(-3),'yyyy/MM/dd')}","@{format(time(0),'yyyy/MM/dd')}",0010011000@{S_DBuy_2.SGETradeNumber},@{S_DBuy_2.SGETradeNumber},Buy,"2@{trimleft(S_DBuy_2.TrCode_CustomerId,2)}","2@{trimleft(S_DBuy_2.TrCode_CustomerId,2)}.@{S_DBuy_2.Account_AccountId}",INSTR_0@{S_DBuy_2.Series_Commodity},No,No,@{S_DBuy_2.DealPrice},@{S_DBuy_2.TradeQuantity},@{(int)S_DBuy_2.DealPrice*(int)S_DBuy_2.TradeQuantity},SGD,SGD,AUTO,New,null,"@{format(time(0),'yyyy/MM/dd')}",null,,@{S_DBuy_2.TradeQuantity},,,,No,,,@{S_DBuy_2.CustomerInfo},,Free,null,null,null,null,Free
V_ASell_6,VerificationAllocation,VerifyAllocation,TRUE,,1000,,"@{format(time(-3),'yyyy/MM/dd')}","@{format(time(0),'yyyy/MM/dd')}",0010011000@{S_DSell_2.SGETradeNumber},@{S_DSell_2.SGETradeNumber},Sell,"2@{trimleft(S_DSell_2.TrCode_CustomerId,2)}","2@{trimleft(S_DSell_2.TrCode_CustomerId,2)}.@{S_DSell_2.Account_AccountId}",INSTR_0@{S_DSell_2.Series_Commodity},No,No,@{S_DSell_2.DealPrice},@{S_DSell_2.TradeQuantity},@{(int)S_DSell_2.DealPrice*(int)S_DSell_2.TradeQuantity},SGD,SGD,AUTO,New,null,"@{format(time(0),'yyyy/MM/dd')}",null,,@{S_DSell_2.TradeQuantity},,,,No,,,@{S_DSell_2.CustomerInfo},,Free,null,null,null,null,Free
V_ABuy_7,VerificationAllocation,VerifyAllocation,TRUE,,1000,,"@{format(time(-3),'yyyy/MM/dd')}","@{format(time(0),'yyyy/MM/dd')}",0010011000@{S_DBuy_2.SGETradeNumber},@{S_DBuy_2.SGETradeNumber},Buy,"2@{trimleft(S_DBuy_2.TrCode_CustomerId,2)}","2@{trimleft(S_DBuy_2.TrCode_CustomerId,2)}.@{S_DBuy_2.Account_AccountId}",INSTR_0@{S_DBuy_2.Series_Commodity},No,No,@{S_DBuy_2.DealPrice},@{S_DBuy_2.TradeQuantity},@{(int)S_DBuy_2.DealPrice*(int)S_DBuy_2.TradeQuantity},SGD,SGD,AUTO,New,null,"@{format(time(0),'yyyy/MM/dd')}",null,,@{S_DBuy_2.TradeQuantity},,,,No,,,@{S_DBuy_2.CustomerInfo},,Free,null,null,null,null,Free
V_ASell_7,VerificationAllocation,VerifyAllocation,TRUE,,1000,,"@{format(time(-3),'yyyy/MM/dd')}","@{format(time(0),'yyyy/MM/dd')}",0010011000@{S_DSell_2.SGETradeNumber},@{S_DSell_2.SGETradeNumber},Sell,"2@{trimleft(S_DSell_2.TrCode_CustomerId,2)}","2@{trimleft(S_DSell_2.TrCode_CustomerId,2)}.@{S_DSell_2.Account_AccountId}",INSTR_0@{S_DSell_2.Series_Commodity},No,No,@{S_DSell_2.DealPrice},@{S_DSell_2.TradeQuantity},@{(int)S_DSell_2.DealPrice*(int)S_DSell_2.TradeQuantity},SGD,SGD,AUTO,New,null,"@{format(time(0),'yyyy/MM/dd')}",null,,@{S_DSell_2.TradeQuantity},,,,No,,,@{S_DSell_2.CustomerInfo},,Free,null,null,null,null,Free
V_ABuy_8,VerificationAllocation,VerifyAllocation,TRUE,,1000,,"@{format(time(-3),'yyyy/MM/dd')}","@{format(time(0),'yyyy/MM/dd')}",0010011000@{S_DBuy_2.SGETradeNumber},@{S_DBuy_2.SGETradeNumber},Buy,"2@{trimleft(S_DBuy_2.TrCode_CustomerId,2)}","2@{trimleft(S_DBuy_2.TrCode_CustomerId,2)}.@{S_DBuy_2.Account_AccountId}",INSTR_0@{S_DBuy_2.Series_Commodity},No,No,@{S_DBuy_2.DealPrice},@{S_DBuy_2.TradeQuantity},@{(int)S_DBuy_2.DealPrice*(int)S_DBuy_2.TradeQuantity},SGD,SGD,AUTO,New,null,"@{format(time(0),'yyyy/MM/dd')}",null,,@{S_DBuy_2.TradeQuantity},,,,No,,,@{S_DBuy_2.CustomerInfo},,Free,null,null,null,null,Free
V_ASell_8,VerificationAllocation,VerifyAllocation,TRUE,,1000,,"@{format(time(-3),'yyyy/MM/dd')}","@{format(time(0),'yyyy/MM/dd')}",0010011000@{S_DSell_2.SGETradeNumber},@{S_DSell_2.SGETradeNumber},Sell,"2@{trimleft(S_DSell_2.TrCode_CustomerId,2)}","2@{trimleft(S_DSell_2.TrCode_CustomerId,2)}.@{S_DSell_2.Account_AccountId}",INSTR_0@{S_DSell_2.Series_Commodity},No,No,@{S_DSell_2.DealPrice},@{S_DSell_2.TradeQuantity},@{(int)S_DSell_2.DealPrice*(int)S_DSell_2.TradeQuantity},SGD,SGD,AUTO,New,null,"@{format(time(0),'yyyy/MM/dd')}",null,,@{S_DSell_2.TradeQuantity},,,,No,,,@{S_DSell_2.CustomerInfo},,Free,null,null,null,null,Free
V_ABuy_9,VerificationAllocation,VerifyAllocation,TRUE,,1000,,"@{format(time(-3),'yyyy/MM/dd')}","@{format(time(0),'yyyy/MM/dd')}",0010011000@{S_DBuy_2.SGETradeNumber},@{S_DBuy_2.SGETradeNumber},Buy,"2@{trimleft(S_DBuy_2.TrCode_CustomerId,2)}","2@{trimleft(S_DBuy_2.TrCode_CustomerId,2)}.@{S_DBuy_2.Account_AccountId}",INSTR_0@{S_DBuy_2.Series_Commodity},No,No,@{S_DBuy_2.DealPrice},@{S_DBuy_2.TradeQuantity},@{(int)S_DBuy_2.DealPrice*(int)S_DBuy_2.TradeQuantity},SGD,SGD,AUTO,New,null,"@{format(time(0),'yyyy/MM/dd')}",null,,@{S_DBuy_2.TradeQuantity},,,,No,,,@{S_DBuy_2.CustomerInfo},,Free,null,null,null,null,Free
V_ASell_9,VerificationAllocation,VerifyAllocation,TRUE,,1000,,"@{format(time(-3),'yyyy/MM/dd')}","@{format(time(0),'yyyy/MM/dd')}",0010011000@{S_DSell_2.SGETradeNumber},@{S_DSell_2.SGETradeNumber},Sell,"2@{trimleft(S_DSell_2.TrCode_CustomerId,2)}","2@{trimleft(S_DSell_2.TrCode_CustomerId,2)}.@{S_DSell_2.Account_AccountId}",INSTR_0@{S_DSell_2.Series_Commodity},No,No,@{S_DSell_2.DealPrice},@{S_DSell_2.TradeQuantity},@{(int)S_DSell_2.DealPrice*(int)S_DSell_2.TradeQuantity},SGD,SGD,AUTO,New,null,"@{format(time(0),'yyyy/MM/dd')}",null,,@{S_DSell_2.TradeQuantity},,,,No,,,@{S_DSell_2.CustomerInfo},,Free,null,null,null,null,Free
V_ABuy_10,VerificationAllocation,VerifyAllocation,TRUE,,1000,,"@{format(time(-3),'yyyy/MM/dd')}","@{format(time(0),'yyyy/MM/dd')}",0010011000@{S_DBuy_2.SGETradeNumber},@{S_DBuy_2.SGETradeNumber},Buy,"2@{trimleft(S_DBuy_2.TrCode_CustomerId,2)}","2@{trimleft(S_DBuy_2.TrCode_CustomerId,2)}.@{S_DBuy_2.Account_AccountId}",INSTR_0@{S_DBuy_2.Series_Commodity},No,No,@{S_DBuy_2.DealPrice},@{S_DBuy_2.TradeQuantity},@{(int)S_DBuy_2.DealPrice*(int)S_DBuy_2.TradeQuantity},SGD,SGD,AUTO,New,null,"@{format(time(0),'yyyy/MM/dd')}",null,,@{S_DBuy_2.TradeQuantity},,,,No,,,@{S_DBuy_2.CustomerInfo},,Free,null,null,null,null,Free
V_ASell_10,VerificationAllocation,VerifyAllocation,TRUE,,1000,,"@{format(time(-3),'yyyy/MM/dd')}","@{format(time(0),'yyyy/MM/dd')}",0010011000@{S_DSell_2.SGETradeNumber},@{S_DSell_2.SGETradeNumber},Sell,"2@{trimleft(S_DSell_2.TrCode_CustomerId,2)}","2@{trimleft(S_DSell_2.TrCode_CustomerId,2)}.@{S_DSell_2.Account_AccountId}",INSTR_0@{S_DSell_2.Series_Commodity},No,No,@{S_DSell_2.DealPrice},@{S_DSell_2.TradeQuantity},@{(int)S_DSell_2.DealPrice*(int)S_DSell_2.TradeQuantity},SGD,SGD,AUTO,New,null,"@{format(time(0),'yyyy/MM/dd')}",null,,@{S_DSell_2.TradeQuantity},,,,No,,,@{S_DSell_2.CustomerInfo},,Free,null,null,null,null,Free

#id,#GlobalStep,#Action,#Execute,#TestCase,#Timeout,#Comment,#ConnectionName,#WrapperSender,#WrapperReceiver,#PartyFrom,#PartyTo,#BusinessMsgId,#CreationDate,#CopyDuplicate,#PossibleDuplicate,#TransactionId,#SecMovementType,#PaymentType,#TradeIdentification,#MarketIdentifier,#PlaceOfTradeType,#TradeDate,#SettlementDate,#DealPriceValueType,#DealPricePercRate,#DealPriceCcy,#DealPriceAmt,#SettlementInstructionProcessingAdditionalDetails,#ISIN,#SettlementQtyUnit,#SettlementQtyFaceAmt,#AccountOwnerBIC,#AccountOwnerPropId,#AccountOwnerPropIssuer,#SafekeepingAccount,#HoldIndicator,#SecTransactionTypeCode,#SecTransactionTypePropId,#SecTransactionTypePropIssuer,#SettSysMethodPropId,#SettSysMethodPropIssuer,#DepositoryBIC_DELI,#Party1BIC_DELI,#Party1PropId_DELI,#Party1PropIssuer_DELI,#DepositoryBIC_RECE,#Party1BIC_RECE,#Party1PropId_RECE,#Party1PropIssuer_RECE,#SettlementCcy,#SettlementAmount,#DebitCreditInd,#AICcy,#AIAmount,#AIDebitCreditInd,#LocalBrCommissionCcy,#LocalBrCommissionAmount,#ForeignExchDetailsUnitCcy,#ForeignExchDetailsQuotedCcy,#ForeignExchDetailsExRate,#ForeignExchDetailsResCcy,#ForeignExchDetailsResAmount,#InvestorName,#InvestorSafekeepingAccount
S_Buy_SI_1,SendSI,SendSese023,TRUE,,0,,@{V_ABuy_2.TradingMember},@{V_ABuy_2.TradingMember},SGXPTS,@{V_ABuy_2.TradingMember},CDP,@{gen('BIZgggggggggggg')},"@{format(time(0),'yyyy-MM-dd')+'T10:00:00Z'}",,,@{gen('ggggggg')},RECE,FREE,@{V_ABuy_2.InternalAllocID},XSES,EXCH,"@{format(time(-3),'yyyy-MM-dd')}","@{format(time(0),'yyyy-MM-dd')}",PARV,,SGD,@{V_ABuy_2.AllocPx},,SGINS@{(int)Static.ISIN+(int)S_DBuy_2.Series_Commodity},@{V_ABuy_2.AllocQty},,IGTESTAE,,,555000018542,,TRAD,,,,,CDPLSGSG,NCBICNNK,,,,,,,,,,,,,,,,,,,,,
S_Sell_SI_1,SendSI,SendSese023,TRUE,,0,,@{V_ASell_2.TradingMember},@{V_ASell_2.TradingMember},SGXPTS,@{V_ASell_2.TradingMember},CDP,@{gen('BIZgggggggggggg')},"@{format(time(0),'yyyy-MM-dd')+'T10:00:00Z'}",,,@{gen('ggggggg')},DELI,FREE,@{V_ASell_2.InternalAllocID},XSES,EXCH,"@{format(time(-3),'yyyy-MM-dd')}","@{format(time(0),'yyyy-MM-dd')}",PARV,,SGD,@{V_ASell_2.AllocPx},,SGINS@{(int)Static.ISIN+(int)S_DSell_2.Series_Commodity},@{V_ASell_2.AllocQty},,IGTESTAC,,,555000018486,,TRAD,,,,,CDPLSGSG,NCBICNNK,,,,,,,,,,,,,,,,,,,,,
S_Buy_SI_2,SendSI,SendSese023,TRUE,,0,,@{V_ABuy_2.TradingMember},@{V_ABuy_2.TradingMember},SGXPTS,@{V_ABuy_2.TradingMember},CDP,@{gen('BIZgggggggggggg')},"@{format(time(0),'yyyy-MM-dd')+'T10:00:00Z'}",,,@{gen('ggggggg')},RECE,FREE,@{V_ABuy_2.InternalAllocID},XSES,EXCH,"@{format(time(-3),'yyyy-MM-dd')}","@{format(time(0),'yyyy-MM-dd')}",PARV,,SGD,@{V_ABuy_2.AllocPx},,SGINS@{(int)Static.ISIN+(int)S_DBuy_2.Series_Commodity},@{V_ABuy_2.AllocQty},,IGTESTAE,,,555000018542,,TRAD,,,,,CDPLSGSG,NCBICNNK,,,,,,,,,,,,,,,,,,,,,
S_Sell_SI_2,SendSI,SendSese023,TRUE,,0,,@{V_ASell_2.TradingMember},@{V_ASell_2.TradingMember},SGXPTS,@{V_ASell_2.TradingMember},CDP,@{gen('BIZgggggggggggg')},"@{format(time(0),'yyyy-MM-dd')+'T10:00:00Z'}",,,@{gen('ggggggg')},DELI,FREE,@{V_ASell_2.InternalAllocID},XSES,EXCH,"@{format(time(-3),'yyyy-MM-dd')}","@{format(time(0),'yyyy-MM-dd')}",PARV,,SGD,@{V_ASell_2.AllocPx},,SGINS@{(int)Static.ISIN+(int)S_DSell_2.Series_Commodity},@{V_ASell_2.AllocQty},,IGTESTAC,,,555000018486,,TRAD,,,,,CDPLSGSG,NCBICNNK,,,,,,,,,,,,,,,,,,,,,
S_Buy_SI_3,SendSI,SendSese023,TRUE,,0,,@{V_ABuy_2.TradingMember},@{V_ABuy_2.TradingMember},SGXPTS,@{V_ABuy_2.TradingMember},CDP,@{gen('BIZgggggggggggg')},"@{format(time(0),'yyyy-MM-dd')+'T10:00:00Z'}",,,@{gen('ggggggg')},RECE,FREE,@{V_ABuy_2.InternalAllocID},XSES,EXCH,"@{format(time(-3),'yyyy-MM-dd')}","@{format(time(0),'yyyy-MM-dd')}",PARV,,SGD,@{V_ABuy_2.AllocPx},,SGINS@{(int)Static.ISIN+(int)S_DBuy_2.Series_Commodity},@{V_ABuy_2.AllocQty},,IGTESTAE,,,555000018542,,TRAD,,,,,CDPLSGSG,NCBICNNK,,,,,,,,,,,,,,,,,,,,,
S_Sell_SI_3,SendSI,SendSese023,TRUE,,0,,@{V_ASell_2.TradingMember},@{V_ASell_2.TradingMember},SGXPTS,@{V_ASell_2.TradingMember},CDP,@{gen('BIZgggggggggggg')},"@{format(time(0),'yyyy-MM-dd')+'T10:00:00Z'}",,,@{gen('ggggggg')},DELI,FREE,@{V_ASell_2.InternalAllocID},XSES,EXCH,"@{format(time(-3),'yyyy-MM-dd')}","@{format(time(0),'yyyy-MM-dd')}",PARV,,SGD,@{V_ASell_2.AllocPx},,SGINS@{(int)Static.ISIN+(int)S_DSell_2.Series_Commodity},@{V_ASell_2.AllocQty},,IGTESTAC,,,555000018486,,TRAD,,,,,CDPLSGSG,NCBICNNK,,,,,,,,,,,,,,,,,,,,,
S_Buy_SI_4,SendSI,SendSese023,TRUE,,0,,@{V_ABuy_2.TradingMember},@{V_ABuy_2.TradingMember},SGXPTS,@{V_ABuy_2.TradingMember},CDP,@{gen('BIZgggggggggggg')},"@{format(time(0),'yyyy-MM-dd')+'T10:00:00Z'}",,,@{gen('ggggggg')},RECE,FREE,@{V_ABuy_2.InternalAllocID},XSES,EXCH,"@{format(time(-3),'yyyy-MM-dd')}","@{format(time(0),'yyyy-MM-dd')}",PARV,,SGD,@{V_ABuy_2.AllocPx},,SGINS@{(int)Static.ISIN+(int)S_DBuy_2.Series_Commodity},@{V_ABuy_2.AllocQty},,IGTESTAE,,,555000018542,,TRAD,,,,,CDPLSGSG,NCBICNNK,,,,,,,,,,,,,,,,,,,,,
S_Sell_SI_4,SendSI,SendSese023,TRUE,,0,,@{V_ASell_2.TradingMember},@{V_ASell_2.TradingMember},SGXPTS,@{V_ASell_2.TradingMember},CDP,@{gen('BIZgggggggggggg')},"@{format(time(0),'yyyy-MM-dd')+'T10:00:00Z'}",,,@{gen('ggggggg')},DELI,FREE,@{V_ASell_2.InternalAllocID},XSES,EXCH,"@{format(time(-3),'yyyy-MM-dd')}","@{format(time(0),'yyyy-MM-dd')}",PARV,,SGD,@{V_ASell_2.AllocPx},,SGINS@{(int)Static.ISIN+(int)S_DSell_2.Series_Commodity},@{V_ASell_2.AllocQty},,IGTESTAC,,,555000018486,,TRAD,,,,,CDPLSGSG,NCBICNNK,,,,,,,,,,,,,,,,,,,,,
S_Buy_SI_5,SendSI,SendSese023,TRUE,,0,,@{V_ABuy_2.TradingMember},@{V_ABuy_2.TradingMember},SGXPTS,@{V_ABuy_2.TradingMember},CDP,@{gen('BIZgggggggggggg')},"@{format(time(0),'yyyy-MM-dd')+'T10:00:00Z'}",,,@{gen('ggggggg')},RECE,FREE,@{V_ABuy_2.InternalAllocID},XSES,EXCH,"@{format(time(-3),'yyyy-MM-dd')}","@{format(time(0),'yyyy-MM-dd')}",PARV,,SGD,@{V_ABuy_2.AllocPx},,SGINS@{(int)Static.ISIN+(int)S_DBuy_2.Series_Commodity},@{V_ABuy_2.AllocQty},,IGTESTAE,,,555000018542,,TRAD,,,,,CDPLSGSG,NCBICNNK,,,,,,,,,,,,,,,,,,,,,
S_Sell_SI_5,SendSI,SendSese023,TRUE,,0,,@{V_ASell_2.TradingMember},@{V_ASell_2.TradingMember},SGXPTS,@{V_ASell_2.TradingMember},CDP,@{gen('BIZgggggggggggg')},"@{format(time(0),'yyyy-MM-dd')+'T10:00:00Z'}",,,@{gen('ggggggg')},DELI,FREE,@{V_ASell_2.InternalAllocID},XSES,EXCH,"@{format(time(-3),'yyyy-MM-dd')}","@{format(time(0),'yyyy-MM-dd')}",PARV,,SGD,@{V_ASell_2.AllocPx},,SGINS@{(int)Static.ISIN+(int)S_DSell_2.Series_Commodity},@{V_ASell_2.AllocQty},,IGTESTAC,,,555000018486,,TRAD,,,,,CDPLSGSG,NCBICNNK,,,,,,,,,,,,,,,,,,,,,
S_Buy_SI_6,SendSI,SendSese023,TRUE,,0,,@{V_ABuy_2.TradingMember},@{V_ABuy_2.TradingMember},SGXPTS,@{V_ABuy_2.TradingMember},CDP,@{gen('BIZgggggggggggg')},"@{format(time(0),'yyyy-MM-dd')+'T10:00:00Z'}",,,@{gen('ggggggg')},RECE,FREE,@{V_ABuy_2.InternalAllocID},XSES,EXCH,"@{format(time(-3),'yyyy-MM-dd')}","@{format(time(0),'yyyy-MM-dd')}",PARV,,SGD,@{V_ABuy_2.AllocPx},,SGINS@{(int)Static.ISIN+(int)S_DBuy_2.Series_Commodity},@{V_ABuy_2.AllocQty},,IGTESTAE,,,555000018542,,TRAD,,,,,CDPLSGSG,NCBICNNK,,,,,,,,,,,,,,,,,,,,,
S_Sell_SI_6,SendSI,SendSese023,TRUE,,0,,@{V_ASell_2.TradingMember},@{V_ASell_2.TradingMember},SGXPTS,@{V_ASell_2.TradingMember},CDP,@{gen('BIZgggggggggggg')},"@{format(time(0),'yyyy-MM-dd')+'T10:00:00Z'}",,,@{gen('ggggggg')},DELI,FREE,@{V_ASell_2.InternalAllocID},XSES,EXCH,"@{format(time(-3),'yyyy-MM-dd')}","@{format(time(0),'yyyy-MM-dd')}",PARV,,SGD,@{V_ASell_2.AllocPx},,SGINS@{(int)Static.ISIN+(int)S_DSell_2.Series_Commodity},@{V_ASell_2.AllocQty},,IGTESTAC,,,555000018486,,TRAD,,,,,CDPLSGSG,NCBICNNK,,,,,,,,,,,,,,,,,,,,,
S_Buy_SI_7,SendSI,SendSese023,TRUE,,0,,@{V_ABuy_2.TradingMember},@{V_ABuy_2.TradingMember},SGXPTS,@{V_ABuy_2.TradingMember},CDP,@{gen('BIZgggggggggggg')},"@{format(time(0),'yyyy-MM-dd')+'T10:00:00Z'}",,,@{gen('ggggggg')},RECE,FREE,@{V_ABuy_2.InternalAllocID},XSES,EXCH,"@{format(time(-3),'yyyy-MM-dd')}","@{format(time(0),'yyyy-MM-dd')}",PARV,,SGD,@{V_ABuy_2.AllocPx},,SGINS@{(int)Static.ISIN+(int)S_DBuy_2.Series_Commodity},@{V_ABuy_2.AllocQty},,IGTESTAE,,,555000018542,,TRAD,,,,,CDPLSGSG,NCBICNNK,,,,,,,,,,,,,,,,,,,,,
S_Sell_SI_7,SendSI,SendSese023,TRUE,,0,,@{V_ASell_2.TradingMember},@{V_ASell_2.TradingMember},SGXPTS,@{V_ASell_2.TradingMember},CDP,@{gen('BIZgggggggggggg')},"@{format(time(0),'yyyy-MM-dd')+'T10:00:00Z'}",,,@{gen('ggggggg')},DELI,FREE,@{V_ASell_2.InternalAllocID},XSES,EXCH,"@{format(time(-3),'yyyy-MM-dd')}","@{format(time(0),'yyyy-MM-dd')}",PARV,,SGD,@{V_ASell_2.AllocPx},,SGINS@{(int)Static.ISIN+(int)S_DSell_2.Series_Commodity},@{V_ASell_2.AllocQty},,IGTESTAC,,,555000018486,,TRAD,,,,,CDPLSGSG,NCBICNNK,,,,,,,,,,,,,,,,,,,,,
S_Buy_SI_8,SendSI,SendSese023,TRUE,,0,,@{V_ABuy_2.TradingMember},@{V_ABuy_2.TradingMember},SGXPTS,@{V_ABuy_2.TradingMember},CDP,@{gen('BIZgggggggggggg')},"@{format(time(0),'yyyy-MM-dd')+'T10:00:00Z'}",,,@{gen('ggggggg')},RECE,FREE,@{V_ABuy_2.InternalAllocID},XSES,EXCH,"@{format(time(-3),'yyyy-MM-dd')}","@{format(time(0),'yyyy-MM-dd')}",PARV,,SGD,@{V_ABuy_2.AllocPx},,SGINS@{(int)Static.ISIN+(int)S_DBuy_2.Series_Commodity},@{V_ABuy_2.AllocQty},,IGTESTAE,,,555000018542,,TRAD,,,,,CDPLSGSG,NCBICNNK,,,,,,,,,,,,,,,,,,,,,
S_Sell_SI_8,SendSI,SendSese023,TRUE,,0,,@{V_ASell_2.TradingMember},@{V_ASell_2.TradingMember},SGXPTS,@{V_ASell_2.TradingMember},CDP,@{gen('BIZgggggggggggg')},"@{format(time(0),'yyyy-MM-dd')+'T10:00:00Z'}",,,@{gen('ggggggg')},DELI,FREE,@{V_ASell_2.InternalAllocID},XSES,EXCH,"@{format(time(-3),'yyyy-MM-dd')}","@{format(time(0),'yyyy-MM-dd')}",PARV,,SGD,@{V_ASell_2.AllocPx},,SGINS@{(int)Static.ISIN+(int)S_DSell_2.Series_Commodity},@{V_ASell_2.AllocQty},,IGTESTAC,,,555000018486,,TRAD,,,,,CDPLSGSG,NCBICNNK,,,,,,,,,,,,,,,,,,,,,
S_Buy_SI_9,SendSI,SendSese023,TRUE,,0,,@{V_ABuy_2.TradingMember},@{V_ABuy_2.TradingMember},SGXPTS,@{V_ABuy_2.TradingMember},CDP,@{gen('BIZgggggggggggg')},"@{format(time(0),'yyyy-MM-dd')+'T10:00:00Z'}",,,@{gen('ggggggg')},RECE,FREE,@{V_ABuy_2.InternalAllocID},XSES,EXCH,"@{format(time(-3),'yyyy-MM-dd')}","@{format(time(0),'yyyy-MM-dd')}",PARV,,SGD,@{V_ABuy_2.AllocPx},,SGINS@{(int)Static.ISIN+(int)S_DBuy_2.Series_Commodity},@{V_ABuy_2.AllocQty},,IGTESTAE,,,555000018542,,TRAD,,,,,CDPLSGSG,NCBICNNK,,,,,,,,,,,,,,,,,,,,,
S_Sell_SI_9,SendSI,SendSese023,TRUE,,0,,@{V_ASell_2.TradingMember},@{V_ASell_2.TradingMember},SGXPTS,@{V_ASell_2.TradingMember},CDP,@{gen('BIZgggggggggggg')},"@{format(time(0),'yyyy-MM-dd')+'T10:00:00Z'}",,,@{gen('ggggggg')},DELI,FREE,@{V_ASell_2.InternalAllocID},XSES,EXCH,"@{format(time(-3),'yyyy-MM-dd')}","@{format(time(0),'yyyy-MM-dd')}",PARV,,SGD,@{V_ASell_2.AllocPx},,SGINS@{(int)Static.ISIN+(int)S_DSell_2.Series_Commodity},@{V_ASell_2.AllocQty},,IGTESTAC,,,555000018486,,TRAD,,,,,CDPLSGSG,NCBICNNK,,,,,,,,,,,,,,,,,,,,,
S_Buy_SI_10,SendSI,SendSese023,TRUE,,0,,@{V_ABuy_2.TradingMember},@{V_ABuy_2.TradingMember},SGXPTS,@{V_ABuy_2.TradingMember},CDP,@{gen('BIZgggggggggggg')},"@{format(time(0),'yyyy-MM-dd')+'T10:00:00Z'}",,,@{gen('ggggggg')},RECE,FREE,@{V_ABuy_2.InternalAllocID},XSES,EXCH,"@{format(time(-3),'yyyy-MM-dd')}","@{format(time(0),'yyyy-MM-dd')}",PARV,,SGD,@{V_ABuy_2.AllocPx},,SGINS@{(int)Static.ISIN+(int)S_DBuy_2.Series_Commodity},@{V_ABuy_2.AllocQty},,IGTESTAE,,,555000018542,,TRAD,,,,,CDPLSGSG,NCBICNNK,,,,,,,,,,,,,,,,,,,,,
S_Sell_SI_10,SendSI,SendSese023,TRUE,,0,,@{V_ASell_2.TradingMember},@{V_ASell_2.TradingMember},SGXPTS,@{V_ASell_2.TradingMember},CDP,@{gen('BIZgggggggggggg')},"@{format(time(0),'yyyy-MM-dd')+'T10:00:00Z'}",,,@{gen('ggggggg')},DELI,FREE,@{V_ASell_2.InternalAllocID},XSES,EXCH,"@{format(time(-3),'yyyy-MM-dd')}","@{format(time(0),'yyyy-MM-dd')}",PARV,,SGD,@{V_ASell_2.AllocPx},,SGINS@{(int)Static.ISIN+(int)S_DSell_2.Series_Commodity},@{V_ASell_2.AllocQty},,IGTESTAC,,,555000018486,,TRAD,,,,,CDPLSGSG,NCBICNNK,,,,,,,,,,,,,,,,,,,,,
