#id,#GlobalStep,#Action,#Execute,#TestCase,#timeout,#Comment,#ScriptDirectory,#ScriptName,#Parameters,,,,,,,,,,,,,,,,,,,,,,,,,,,,,,,,,,,,,,,,,,,,,,,,,,,,,,,,,,,,,
R_TS,ResetTimeSchedules,ExecuteScript,TRUE,,0,,./,Turnoff.sh,,,,,,,,,,,,,,,,,,,,,,,,,,,,,,,,,,,,,,,,,,,,,,,,,,,,,,,,,,,,,,
,,,,,,,,,,,,,,,,,,,,,,,,,,,,,,,,,,,,,,,,,,,,,,,,,,,,,,,,,,,,,,,,,,,,,,
#id,#GlobalStep,#Action,#Execute,#TestCase,#timeout,#Comment,#TestCase,#Instr,,,,,,,,,,,,,,,,,,,,,,,,,,,,,,,,,,,,,,,,,,,,,,,,,,,,,,,,,,,,,,
Static,Static,SetStatic,TRUE,,0,,,INSTR_0@{(gen('ggg')%20)+1},,,,,,,,,,,,,,,,,,,,,,,,,,,,,,,,,,,,,,,,,,,,,,,,,,,,,,,,,,,,,,
,,,,,,,,,,,,,,,,,,,,,,,,,,,,,,,,,,,,,,,,,,,,,,,,,,,,,,,,,,,,,,,,,,,,,,
#id,#GlobalStep,#Action,#Execute,#TestCase,#timeout,#Comment,#SecurityAccountID,#InstrumentID,#BalanceType,#BalanceSubType,#Balance,#ValuationPrice,#Category,#Currency,#Reference,,,,,,,,,,,,,,,,,,,,,,,,,,,,,,,,,,,,,,,,,,,,,,,,,,,,,,,
CRT_SEC_1,CreateSecurityBalances,AddSecurityPosition,TRUE,,1000,Add Security Position,@{securityAccountId('555000017401')},@{instrumentId(Static.Instr)},0,,4000,,,,1,,,,,,,,,,,,,,,,,,,,,,,,,,,,,,,,,,,,,,,,,,,,,,,,,,,,,,,
CRT_SEC_2,CreateSecurityBalances,AddSecurityPosition,TRUE,,1000,Add Security Position,@{securityAccountId('555000017401')},@{instrumentId(Static.Instr)},0,,4000,,,,2,,,,,,,,,,,,,,,,,,,,,,,,,,,,,,,,,,,,,,,,,,,,,,,,,,,,,,,
CRT_SEC_3,CreateSecurityBalances,AddSecurityPosition,TRUE,,1000,Add Security Position,@{securityAccountId('555000017401')},@{instrumentId(Static.Instr)},0,,4000,,,,3,,,,,,,,,,,,,,,,,,,,,,,,,,,,,,,,,,,,,,,,,,,,,,,,,,,,,,,
CRT_SEC_4,CreateSecurityBalances,AddSecurityPosition,TRUE,,1000,Add Security Position,@{securityAccountId('555000017401')},@{instrumentId(Static.Instr)},0,,4000,,,,4,,,,,,,,,,,,,,,,,,,,,,,,,,,,,,,,,,,,,,,,,,,,,,,,,,,,,,,
CRT_SEC_5,CreateSecurityBalances,AddSecurityPosition,TRUE,,1000,Add Security Position,@{securityAccountId('555000017401')},@{instrumentId(Static.Instr)},0,,4000,,,,5,,,,,,,,,,,,,,,,,,,,,,,,,,,,,,,,,,,,,,,,,,,,,,,,,,,,,,,
CRT_SEC_6,CreateSecurityBalances,AddSecurityPosition,TRUE,,1000,Add Security Position,@{securityAccountId('555000017401')},@{instrumentId(Static.Instr)},0,,4000,,,,6,,,,,,,,,,,,,,,,,,,,,,,,,,,,,,,,,,,,,,,,,,,,,,,,,,,,,,,
CRT_SEC_7,CreateSecurityBalances,AddSecurityPosition,TRUE,,1000,Add Security Position,@{securityAccountId('555000017401')},@{instrumentId(Static.Instr)},0,,4000,,,,7,,,,,,,,,,,,,,,,,,,,,,,,,,,,,,,,,,,,,,,,,,,,,,,,,,,,,,,
CRT_SEC_8,CreateSecurityBalances,AddSecurityPosition,TRUE,,1000,Add Security Position,@{securityAccountId('555000017401')},@{instrumentId(Static.Instr)},0,,4000,,,,8,,,,,,,,,,,,,,,,,,,,,,,,,,,,,,,,,,,,,,,,,,,,,,,,,,,,,,,
CRT_SEC_9,CreateSecurityBalances,AddSecurityPosition,TRUE,,1000,Add Security Position,@{securityAccountId('555000017401')},@{instrumentId(Static.Instr)},0,,4000,,,,9,,,,,,,,,,,,,,,,,,,,,,,,,,,,,,,,,,,,,,,,,,,,,,,,,,,,,,,
CRT_SEC_10,CreateSecurityBalances,AddSecurityPosition,TRUE,,1000,Add Security Position,@{securityAccountId('555000017401')},@{instrumentId(Static.Instr)},0,,4000,,,,10,,,,,,,,,,,,,,,,,,,,,,,,,,,,,,,,,,,,,,,,,,,,,,,,,,,,,,,
,,,,,,,,,,,,,,,,,,,,,,,,,,,,,,,,,,,,,,,,,,,,,,,,,,,,,,,,,,,,,,,,,,,,,,
#id,#GlobalStep,#Action,#Execute,#TestCase,#timeout,#Comment,#PositionAccountID,#Symbol,#CurrencyCode,#BalanceType,#BalanceSubType,#Balance,#Reference,#PositionID,,,,,,,,,,,,,,,,,,,,,,,,,,,,,,,,,,,,,,,,,,,,,,,,,,,,,,,,
VSEC_1,VerifySecurityPositions,VerifySecurityPositions,TRUE,,20000,,@{CRT_SEC_1.SecurityAccountID},@{Static.Instr},SGD,@{CRT_SEC_1.BalanceType},null,@{CRT_SEC_1.Balance},@{CRT_SEC_1.Reference},,,,,,,,,,,,,,,,,,,,,,,,,,,,,,,,,,,,,,,,,,,,,,,,,,,,,,,,,
VSEC_2,VerifySecurityPositions,VerifySecurityPositions,TRUE,,20000,,@{CRT_SEC_2.SecurityAccountID},@{Static.Instr},SGD,@{CRT_SEC_2.BalanceType},null,@{CRT_SEC_2.Balance},@{CRT_SEC_2.Reference},,,,,,,,,,,,,,,,,,,,,,,,,,,,,,,,,,,,,,,,,,,,,,,,,,,,,,,,,
VSEC_3,VerifySecurityPositions,VerifySecurityPositions,TRUE,,20000,,@{CRT_SEC_3.SecurityAccountID},@{Static.Instr},SGD,@{CRT_SEC_3.BalanceType},null,@{CRT_SEC_3.Balance},@{CRT_SEC_3.Reference},,,,,,,,,,,,,,,,,,,,,,,,,,,,,,,,,,,,,,,,,,,,,,,,,,,,,,,,,
VSEC_4,VerifySecurityPositions,VerifySecurityPositions,TRUE,,20000,,@{CRT_SEC_4.SecurityAccountID},@{Static.Instr},SGD,@{CRT_SEC_4.BalanceType},null,@{CRT_SEC_4.Balance},@{CRT_SEC_4.Reference},,,,,,,,,,,,,,,,,,,,,,,,,,,,,,,,,,,,,,,,,,,,,,,,,,,,,,,,,
VSEC_5,VerifySecurityPositions,VerifySecurityPositions,TRUE,,20000,,@{CRT_SEC_5.SecurityAccountID},@{Static.Instr},SGD,@{CRT_SEC_5.BalanceType},null,@{CRT_SEC_5.Balance},@{CRT_SEC_5.Reference},,,,,,,,,,,,,,,,,,,,,,,,,,,,,,,,,,,,,,,,,,,,,,,,,,,,,,,,,
VSEC_6,VerifySecurityPositions,VerifySecurityPositions,TRUE,,20000,,@{CRT_SEC_6.SecurityAccountID},@{Static.Instr},SGD,@{CRT_SEC_6.BalanceType},null,@{CRT_SEC_6.Balance},@{CRT_SEC_6.Reference},,,,,,,,,,,,,,,,,,,,,,,,,,,,,,,,,,,,,,,,,,,,,,,,,,,,,,,,,
VSEC_7,VerifySecurityPositions,VerifySecurityPositions,TRUE,,20000,,@{CRT_SEC_7.SecurityAccountID},@{Static.Instr},SGD,@{CRT_SEC_7.BalanceType},null,@{CRT_SEC_7.Balance},@{CRT_SEC_7.Reference},,,,,,,,,,,,,,,,,,,,,,,,,,,,,,,,,,,,,,,,,,,,,,,,,,,,,,,,,
VSEC_8,VerifySecurityPositions,VerifySecurityPositions,TRUE,,20000,,@{CRT_SEC_8.SecurityAccountID},@{Static.Instr},SGD,@{CRT_SEC_8.BalanceType},null,@{CRT_SEC_8.Balance},@{CRT_SEC_8.Reference},,,,,,,,,,,,,,,,,,,,,,,,,,,,,,,,,,,,,,,,,,,,,,,,,,,,,,,,,
VSEC_9,VerifySecurityPositions,VerifySecurityPositions,TRUE,,20000,,@{CRT_SEC_9.SecurityAccountID},@{Static.Instr},SGD,@{CRT_SEC_9.BalanceType},null,@{CRT_SEC_9.Balance},@{CRT_SEC_9.Reference},,,,,,,,,,,,,,,,,,,,,,,,,,,,,,,,,,,,,,,,,,,,,,,,,,,,,,,,,
VSEC_10,VerifySecurityPositions,VerifySecurityPositions,TRUE,,20000,,@{CRT_SEC_10.SecurityAccountID},@{Static.Instr},SGD,@{CRT_SEC_10.BalanceType},null,@{CRT_SEC_10.Balance},@{CRT_SEC_10.Reference},,,,,,,,,,,,,,,,,,,,,,,,,,,,,,,,,,,,,,,,,,,,,,,,,,,,,,,,,
,,,,,,,,,,,,,,,,,,,,,,,,,,,,,,,,,,,,,,,,,,,,,,,,,,,,,,,,,,,,,,,,,,,,,,
#id,#GlobalStep,#Action,#Execute,#TestCase,#timeout,#Comment,#SubMsgType,#OptionUniqueReference,#OverSubscriptionAllowed,#CashPaymentDate,#DefaultIndicator,#CAOptionType,#CurrencyPaymentDate,#SecuritiesPaymentDate,#RecordStatus,#AnnouncedCurrency,#AnnouncedPaymentRate,#CABlockBalanceType,#CACashValueIncreaseType,#CAClaimSettlementType,#CACurrency,#CAPaymentTimeSchGroup,#CashPaymentStatus,#CashValueIncrease,#ConditionalIndicator,#ExchangeRate,#IssuerCashPymntReceiveDate,#IssuerCashPymntRemindDate,#IssuerSecuPymntReceiveDate,#IssuerSecuPymntRemindDate,#ObligationSettleDateOffset,#PaymentObligationCurrency,#PaymentObligationGeneration,#PaymentObligationRate,#SecuritiesPaymentStatus,#SizeAdjCashInLieuRate,#SizeAdjFractionHandling,#SizeAdjustment,#SizeAdjustmentFactorTerm1,#SizeAdjustmentFactorTerm2,#SizeRoundingPolicy,#SizeRoundingPrecision,#ThresholdToDistribute,#ValueAdjustment,#ValueAdjustmentCurrency,#ValueRoundingPolicy,#PriceperUnit,#CAOptionCode,#SizeAdjCashInLieuRateCurrency,,,,,,,,,,,,,,,,,,,,,
CA_Option_id0001,AddCARepeatingGroups,AddRepeatingGroup,TRUE,,100,Bonus Issue Creation,Option,,0,"@{format(time(0),'yyyy/MM/dd')}",1,9,,"@{format(time(0),'yyyy/MM/dd')}",,,1,0,,,SGD,DEF_CA_PAY_TS_GROUP,0,,,,"@{format(time(0),'yyyy/MM/dd')}",,"@{format(time(0),'yyyy/MM/dd')}","@{format(time(0),'yyyy/MM/dd')}",,,0,,0,0.75,1,1,5,1,1,4,,0,,1,,"1@{trimleft(Static.Instr.substring(5),5)}",SGD,,,,,,,,,,,,,,,,,,,,,
,,,,,,,,,,,,,,,,,,,,,,,,,,,,,,,,,,,,,,,,,,,,,,,,,,,,,,,,,,,,,,,,,,,,,,
#id,#GlobalStep,#Action,#Execute,#TestCase,#timeout,#Comment,#Symbol,#CashAccountID,#DiaryEntryID,#CAStatus,#ExDate,#AnnouncementDate,#RecordDate,#SecuritiesAccountID,#ReminderDate,#CalculationDate,#ElectionEndDate,#ElectionStartDate,#CorporateActionReference,#AlternateCAReference,#BalanceCaptureDate,#ExcessAllotmentProcessDate,#CAAllotmentMethod,#CADisseminationType,#CAElectionStatus,#AlternativeIssuerID,#IssuerDepositFlow,#IssuerWithdrawalFlow,#Narration,#CAMandatroyIndicator,#CAType,#CreatedDateTime,#LastUpdatedDateTime,#CAEventTimeSCHGroup,#SettlementInstructionsAdj,#RightsTradingEndDate,#EntitlementConfirmation,#ForeignIssuerCshReceiptAcc,#ForeignRightsCshReceiptAcc,#DependentDiaryEntry,#UseOfDependentCaEvent,#RecDateHoldingValidation,#EntitledBalanceAdjustment,#PartialOfferRatioTerm1,#PartialOfferRatioTerm2,#WithholdingTaxRate,#HandlingFee,#TaxOnHandlingFee,#FreezeTransactionAdjType,#HypothecationTransAdjType,#ReversibleTransferAdjType,#HoldReversibleTransClaimSI,#AdjFactorComputationMethod,#ComputedPriceAdjCurrency,#ComputedPriceAdjFactor,#ComputedQuantityAdjFactor,#ManualPriceAdjCurrency,#ManualPriceAdjFactor,#ManualQuantityAdjFactor,#CorporateActionDescription,#CADividendType,#RightsTradingStartDate,#CASource,#PaymentCompletionDateTime,#WithdrawnDateTime,#AlternativeCAReference,#CAInvestorRestrictions,#RepeatingGroups,,
CA_DIARY_ENTRY_id0001,Create_CADiaryEntry,CreateCADiaryEntry,TRUE,,200,Bonus Issue Creation,@{instrumentId(Static.Instr)},301-CASH,,New,,"@{format(time(-6),'yyyy/MM/dd')}","@{format(time(0),'yyyy/MM/dd')}",,,"@{format(time(0),'yyyy/MM/dd')}",,,"@{trimleft(Static.Instr.substring(5),5)}","@{trimleft(Static.Instr.substring(5),5)}",,,0,3,,,,,New Entry,1,1,,,DEF_CA_TS_GROUP,,,0,,,,0,1,,,,,,,1,1,,,,,,,,,,BONU-Bonus Issue,,,,,,,,CA_Option_id0001,,
,,,,,,,,,,,,,,,,,,,,,,,,,,,,,,,,,,,,,,,,,,,,,,,,,,,,,,,,,,,,,,,,,,,,,,
#id,#GlobalStep,#Action,#Execute,#TestCase,#timeout,#Comment,#Symbol,#CashAccountID,#DiaryEntryId,#CAStatus,#ExDate,#AnnouncementDate,#RecordDate,#SecuritiesAccountID,#ReminderDate,#CalculationDate,#ElectionEndDate,#ElectionStartDate,#CorporateActionReference,#AlternateCAReference,#BalanceCaptureDate,#ExcessAllotmentProcessDate,#CAAllotmentMethod,#CADisseminationType,#CAElectionStatus,#AlternativeIssuerID,#IssuerDepositFlow,#IssuerWithdrawalFlow,#Narration,#CAMandatoryIndicator,#CAType,#CreatedDateTime,#LastUpdatedDateTime,#CAEventTimeSCHGroup,#SettlementInstructionsAdj,#RightsTradingEndDate,#EntitlementConfirmation,#ForeignIssuerCshReceiptAcc,#ForeignRightsCshReceiptAcc,#DependentDiaryEntry,#UseOfDependentCaEvent,#RecDateHoldingValidation,#EntitledBalanceAdjustment,#PartialOfferRatioTerm1,#PartialOfferRatioTerm2,#WithholdingTaxRate,#HandlingFee,#TaxOnHandlingFee,#FreezeTransactionAdjType,#HypothecationTransAdjType,#ReversibleTransferAdjType,#HoldReversibleTransClaimSI,#AdjFactorComputationMethod,#ComputedPriceAdjCurrency,#ComputedPriceAdjFactor,#ComputedQuantityAdjFactor,#ManualPriceAdjCurrency,#ManualPriceAdjFactor,#ManualQuantityAdjFactor,#CorporateActionDescription,#CADividendType,#RightsTradingStartDate,#CASource,#PaymentCompletionDateTime,#WithdrawnDateTime,#AlternativeCAReference,#CAInvestorRestrictions,#ExternalRequestID,#ReferenceUUID,#NoData
VRFY_CA_DIARY_ENTRY_id0001,VerifyDiaryEntry,VerifyCADiaryEntry,TRUE,,2000,Bonus Issue Creation,@{instrumentId(Static.Instr)},301-CASH,,New,,"@{format(time(-6),'yyyy/MM/dd')}","@{format(time(0),'yyyy/MM/dd')}",,,"@{format(time(0),'yyyy/MM/dd')}",,,@{CA_DIARY_ENTRY_id0001.CorporateActionReference},@{CA_DIARY_ENTRY_id0001.AlternateCAReference},,,,Processing Only,,,,,New Entry,Mandatory,BONU-Bonus Issue,,,DEF_CA_TS_GROUP,,,Disabled,,,,None,Validate Quantity,,,,,,,Adjust Transaction,Adjust Transaction,,,,,,,,,,BONU-Bonus Issue,,,,,,,,,,
,,,,,,,,,,,,,,,,,,,,,,,,,,,,,,,,,,,,,,,,,,,,,,,,,,,,,,,,,,,,,,,,,,,,,,
#id,#GlobalStep,#Action,#Execute,#TestCase,#timeout,#Comment,#ReferenceUUID,#OptionUniqueReference,#OverSubscriptionAllowed,#CashPaymentDate,#DefaultIndicator,#CAOptionType,#CurrencyPaymentDate,#SecuritiesPaymentDate,#RecordStatus,#AnnouncedCurrency,#AnnouncedPaymentRate,#CABlockBalanceType,#CACashValueIncreaseType,#CAClaimSettlementType,#CACurrency,#CAPaymentTimeSchGroup,#CashPaymentStatus,#CashValueIncrease,#ConditionalIndicator,#ExchangeRate,#IssuerCashPymntReceiveDate,#IssuerCashPymntRemindDate,#IssuerSecuPymntReceiveDate,#IssuerSecuPymntRemindDate,#ObligationSettleDateOffset,#PaymentObligationCurrency,#PaymentObligationGeneration,#PaymentObligationRate,#SecuritiesPaymentStatus,#SizeAdjCashInLieuRate,#SizeAdjFractionHandling,#SizeAdjustment,#SizeAdjustmentFactorTerm1,#SizeAdjustmentFactorTerm2,#SizeRoundingPolicy,#SizeRoundingPrecision,#ThresholdToDistribute,#ValueAdjustment,#ValueAdjustmentCurrency,#ValueRoundingPolicy,#PriceperUnit,#CAOptionCode,,,,,,,,,,,,,,,,,,,,,,
VRFY_CA_OPTION_id0001,Verify_RepeatingOptions,VerifyCAOption,TRUE,,200,Bonus Issue Creation,@{VRFY_CA_DIARY_ENTRY_id0001.DiaryEntryId},@{CA_Option_id0001.OptionUniqueReference},No,,,9,,"@{format(time(0),'yyyy/MM/dd')}",,,1,0,,,SGD,DEF_CA_PAY_TS_GROUP,,,,,,,"@{format(time(0),'yyyy/MM/dd')}","@{format(time(0),'yyyy/MM/dd')}",,,,,0,0.75,1,1,5,1,1,4,,0,,1,,@{CA_Option_id0001.CAOptionCode},,,,,,,,,,,,,,,,,,,,,,
,,,,,,,,,,,,,,,,,,,,,,,,,,,,,,,,,,,,,,,,,,,,,,,,,,,,,,,,,,,,,,,,,,,,,,
#id,#GlobalStep,#Action,#Execute,#TestCase,#timeout,#Comment,#ScriptDirectory,#ScriptName,#Parameters,,,,,,,,,,,,,,,,,,,,,,,,,,,,,,,,,,,,,,,,,,,,,,,,,,,,,,,,,,,,,
T_RC_2,Trigger_RC,ExecuteScript,TRUE,,0,,./,ts_rec.sh,,,,,,,,,,,,,,,,,,,,,,,,,,,,,,,,,,,,,,,,,,,,,,,,,,,,,,,,,,,,,,
,,,,,,,,,,,,,,,,,,,,,,,,,,,,,,,,,,,,,,,,,,,,,,,,,,,,,,,,,,,,,,,,,,,,,,
#id,#GlobalStep,#Action,#Execute,#TestCase,#timeout,#ScheduleId,#Enabled,#Time,#DependencyProfile,#State,#ActionInterval,#ActionTimeout,,,,,,,,,,,,,,,,,,,,,,,,,,,,,,,,,,,,,,,,,,,,,,,,,,,,,,,,,,
T_RC_3,Trigger_RC,VerifyTimeScheduleInfo,TRUE,,1000,TS_REC_CAPTURE,TRUE,NULL,NULL,3,2,10,,,,,,,,,,,,,,,,,,,,,,,,,,,,,,,,,,,,,,,,,,,,,,,,,,,,,,,,,,
,,,,,,,,,,,,,,,,,,,,,,,,,,,,,,,,,,,,,,,,,,,,,,,,,,,,,,,,,,,,,,,,,,,,,,
#id,#GlobalStep,#Action,#Execute,#TestCase,#timeout,#Comment,#Instrument,#BalanceCurrency,#PositionID,#CADiaryEntryID,#SecuritiesAccountID,#BalanceReference,#BalanceType,#BalanceSubType,#BalanceSettlementSystem,#PositionRecordID,#EntitledBalance,#HORIndicator,#EligibilityIndicator,#EntitlementInformationOnly,#EntitlementDistributedLater,#CreatedDateTime,#Balance,#Latest,,,,,,,,,,,,,,,,,,,,,,,,,,,,,,,,,,,,,,,,,,,,,,
VSEC_RC_1,Verify_Positions_RecCapture,VerifyPositionRecordCapture,TRUE,,20000,,@{CRT_SEC_1.InstrumentID},SGD,@{VSEC_1.PositionID},@{VRFY_CA_DIARY_ENTRY_id0001.DiaryEntryId},@{VSEC_1.PositionAccountID},,@{CRT_SEC_1.BalanceType},,,,@{CRT_SEC_1.Balance},1,1,0,0,,@{CRT_SEC_1.Balance},,,,,,,,,,,,,,,,,,,,,,,,,,,,,,,,,,,,,,,,,,,,,,,
VSEC_RC_2,Verify_Positions_RecCapture,VerifyPositionRecordCapture,TRUE,,20000,,@{CRT_SEC_2.InstrumentID},SGD,@{VSEC_2.PositionID},@{VRFY_CA_DIARY_ENTRY_id0001.DiaryEntryId},@{VSEC_2.PositionAccountID},,@{CRT_SEC_2.BalanceType},,,,@{CRT_SEC_2.Balance},1,1,0,0,,@{CRT_SEC_2.Balance},,,,,,,,,,,,,,,,,,,,,,,,,,,,,,,,,,,,,,,,,,,,,,,
VSEC_RC_3,Verify_Positions_RecCapture,VerifyPositionRecordCapture,TRUE,,20000,,@{CRT_SEC_3.InstrumentID},SGD,@{VSEC_3.PositionID},@{VRFY_CA_DIARY_ENTRY_id0001.DiaryEntryId},@{VSEC_3.PositionAccountID},,@{CRT_SEC_3.BalanceType},,,,@{CRT_SEC_3.Balance},1,1,0,0,,@{CRT_SEC_3.Balance},,,,,,,,,,,,,,,,,,,,,,,,,,,,,,,,,,,,,,,,,,,,,,,
VSEC_RC_4,Verify_Positions_RecCapture,VerifyPositionRecordCapture,TRUE,,20000,,@{CRT_SEC_4.InstrumentID},SGD,@{VSEC_4.PositionID},@{VRFY_CA_DIARY_ENTRY_id0001.DiaryEntryId},@{VSEC_4.PositionAccountID},,@{CRT_SEC_4.BalanceType},,,,@{CRT_SEC_4.Balance},1,1,0,0,,@{CRT_SEC_4.Balance},,,,,,,,,,,,,,,,,,,,,,,,,,,,,,,,,,,,,,,,,,,,,,,
VSEC_RC_5,Verify_Positions_RecCapture,VerifyPositionRecordCapture,TRUE,,20000,,@{CRT_SEC_5.InstrumentID},SGD,@{VSEC_5.PositionID},@{VRFY_CA_DIARY_ENTRY_id0001.DiaryEntryId},@{VSEC_5.PositionAccountID},,@{CRT_SEC_5.BalanceType},,,,@{CRT_SEC_5.Balance},1,1,0,0,,@{CRT_SEC_5.Balance},,,,,,,,,,,,,,,,,,,,,,,,,,,,,,,,,,,,,,,,,,,,,,,
VSEC_RC_6,Verify_Positions_RecCapture,VerifyPositionRecordCapture,TRUE,,20000,,@{CRT_SEC_6.InstrumentID},SGD,@{VSEC_6.PositionID},@{VRFY_CA_DIARY_ENTRY_id0001.DiaryEntryId},@{VSEC_6.PositionAccountID},,@{CRT_SEC_6.BalanceType},,,,@{CRT_SEC_6.Balance},1,1,0,0,,@{CRT_SEC_6.Balance},,,,,,,,,,,,,,,,,,,,,,,,,,,,,,,,,,,,,,,,,,,,,,,
VSEC_RC_7,Verify_Positions_RecCapture,VerifyPositionRecordCapture,TRUE,,20000,,@{CRT_SEC_7.InstrumentID},SGD,@{VSEC_7.PositionID},@{VRFY_CA_DIARY_ENTRY_id0001.DiaryEntryId},@{VSEC_7.PositionAccountID},,@{CRT_SEC_7.BalanceType},,,,@{CRT_SEC_7.Balance},1,1,0,0,,@{CRT_SEC_7.Balance},,,,,,,,,,,,,,,,,,,,,,,,,,,,,,,,,,,,,,,,,,,,,,,
VSEC_RC_8,Verify_Positions_RecCapture,VerifyPositionRecordCapture,TRUE,,20000,,@{CRT_SEC_8.InstrumentID},SGD,@{VSEC_8.PositionID},@{VRFY_CA_DIARY_ENTRY_id0001.DiaryEntryId},@{VSEC_8.PositionAccountID},,@{CRT_SEC_8.BalanceType},,,,@{CRT_SEC_8.Balance},1,1,0,0,,@{CRT_SEC_8.Balance},,,,,,,,,,,,,,,,,,,,,,,,,,,,,,,,,,,,,,,,,,,,,,,
VSEC_RC_9,Verify_Positions_RecCapture,VerifyPositionRecordCapture,TRUE,,20000,,@{CRT_SEC_9.InstrumentID},SGD,@{VSEC_9.PositionID},@{VRFY_CA_DIARY_ENTRY_id0001.DiaryEntryId},@{VSEC_9.PositionAccountID},,@{CRT_SEC_9.BalanceType},,,,@{CRT_SEC_9.Balance},1,1,0,0,,@{CRT_SEC_9.Balance},,,,,,,,,,,,,,,,,,,,,,,,,,,,,,,,,,,,,,,,,,,,,,,
VSEC_RC_10,Verify_Positions_RecCapture,VerifyPositionRecordCapture,TRUE,,20000,,@{CRT_SEC_10.InstrumentID},SGD,@{VSEC_10.PositionID},@{VRFY_CA_DIARY_ENTRY_id0001.DiaryEntryId},@{VSEC_10.PositionAccountID},,@{CRT_SEC_10.BalanceType},,,,@{CRT_SEC_10.Balance},1,1,0,0,,@{CRT_SEC_10.Balance},,,,,,,,,,,,,,,,,,,,,,,,,,,,,,,,,,,,,,,,,,,,,,,
,,,,,,,,,,,,,,,,,,,,,,,,,,,,,,,,,,,,,,,,,,,,,,,,,,,,,,,,,,,,,,,,,,,,,,
#id,#GlobalStep,#Action,#Execute,#TestCase,#timeout,#Comment,#Symbol,#CashAccountID,#DiaryEntryId,#CAStatus,#ExDate,#AnnouncementDate,#RecordDate,#SecuritiesAccountID,#ReminderDate,#CalculationDate,#ElectionEndDate,#ElectionStartDate,#CorporateActionReference,#AlternateCAReference,#BalanceCaptureDate,#ExcessAllotmentProcessDate,#CAAllotmentMethod,#CADisseminationType,#CAElectionStatus,#AlternativeIssuerID,#IssuerDepositFlow,#IssuerWithdrawalFlow,#Narration,#CAMandatoryIndicator,#CAType,#CreatedDateTime,#LastUpdatedDateTime,#CAEventTimeSCHGroup,#SettlementInstructionsAdj,#RightsTradingEndDate,#EntitlementConfirmation,#ForeignIssuerCshReceiptAcc,#ForeignRightsCshReceiptAcc,#DependentDiaryEntry,#UseOfDependentCaEvent,#RecDateHoldingValidation,#EntitledBalanceAdjustment,#PartialOfferRatioTerm1,#PartialOfferRatioTerm2,#WithholdingTaxRate,#HandlingFee,#TaxOnHandlingFee,#FreezeTransactionAdjType,#HypothecationTransAdjType,#ReversibleTransferAdjType,#HoldReversibleTransClaimSI,#AdjFactorComputationMethod,#ComputedPriceAdjCurrency,#ComputedPriceAdjFactor,#ComputedQuantityAdjFactor,#ManualPriceAdjCurrency,#ManualPriceAdjFactor,#ManualQuantityAdjFactor,#CorporateActionDescription,#CADividendType,#RightsTradingStartDate,#CASource,#PaymentCompletionDateTime,#WithdrawnDateTime,#AlternativeCAReference,#CAInvestorRestrictions,#ExternalRequestID,#ReferenceUUID,#NoData
VRFY_CA_DIARY_ENTRY_After_Triger_RC_TS_id0001,VerifyDiaryEntry_StatusRecCapture,VerifyCADiaryEntry,TRUE,,2000,Bonus Issue Creation,@{instrumentId(Static.Instr)},,,2,,"@{format(time(-6),'yyyy/MM/dd')}","@{format(time(0),'yyyy/MM/dd')}",,,"@{format(time(0),'yyyy/MM/dd')}",,,@{CA_DIARY_ENTRY_id0001.CorporateActionReference},@{CA_DIARY_ENTRY_id0001.AlternateCAReference},,,,Processing Only,,,,,New Entry,Mandatory,BONU-Bonus Issue,,,DEF_CA_TS_GROUP,,,Disabled,,,,None,Validate Quantity,,,,,,,Adjust Transaction,Adjust Transaction,,,,,,,,,,BONU-Bonus Issue,,,,,,,,,,
,,,,,,,,,,,,,,,,,,,,,,,,,,,,,,,,,,,,,,,,,,,,,,,,,,,,,,,,,,,,,,,,,,,,,,
#id,#GlobalStep,#Action,#Execute,#TestCase,#timeout,#Comment,#ReferenceUUID,#OptionUniqueReference,#OverSubscriptionAllowed,#CashPaymentDate,#DefaultIndicator,#CAOptionType,#CurrencyPaymentDate,#SecuritiesPaymentDate,#RecordStatus,#AnnouncedCurrency,#AnnouncedPaymentRate,#CABlockBalanceType,#CACashValueIncreaseType,#CAClaimSettlementType,#CACurrency,#CAPaymentTimeSchGroup,#CashPaymentStatus,#CashValueIncrease,#ConditionalIndicator,#ExchangeRate,#IssuerCashPymntReceiveDate,#IssuerCashPymntRemindDate,#IssuerSecuPymntReceiveDate,#IssuerSecuPymntRemindDate,#ObligationSettleDateOffset,#PaymentObligationCurrency,#PaymentObligationGeneration,#PaymentObligationRate,#SecuritiesPaymentStatus,#SizeAdjCashInLieuRate,#SizeAdjFractionHandling,#SizeAdjustment,#SizeAdjustmentFactorTerm1,#SizeAdjustmentFactorTerm2,#SizeRoundingPolicy,#SizeRoundingPrecision,#ThresholdToDistribute,#ValueAdjustment,#ValueAdjustmentCurrency,#ValueRoundingPolicy,#PriceperUnit,#CAOptionCode,,,,,,,,,,,,,,,,,,,,,,
VRFY_CA_DIARY_ENTRY_After_Triger_RC_TS_id0001,VerifyDiaryEntry_StatusRecCapture,VerifyCAOption,TRUE,,200,Bonus Issue Creation,@{VRFY_CA_DIARY_ENTRY_id0001.DiaryEntryId},@{CA_Option_id0001.OptionUniqueReference},No,,,9,,"@{format(time(0),'yyyy/MM/dd')}",,,1,0,,,SGD,DEF_CA_PAY_TS_GROUP,,,,10,,,"@{format(time(0),'yyyy/MM/dd')}","@{format(time(0),'yyyy/MM/dd')}",,,,,0,0.75,1,1,5,1,1,4,,0,,1,,@{CA_Option_id0001.CAOptionCode},,,,,,,,,,,,,,,,,,,,,,
,,,,,,,,,,,,,,,,,,,,,,,,,,,,,,,,,,,,,,,,,,,,,,,,,,,,,,,,,,,,,,,,,,,,,,
#id,#GlobalStep,#Action,#Execute,#TestCase,#timeout,#Comment,#ScriptDirectory,#ScriptName,#Parameters,,,,,,,,,,,,,,,,,,,,,,,,,,,,,,,,,,,,,,,,,,,,,,,,,,,,,,,,,,,,,
T_ENT_2,Trigger_EC,ExecuteScript,TRUE,,0,,./,ts_ent.sh,,,,,,,,,,,,,,,,,,,,,,,,,,,,,,,,,,,,,,,,,,,,,,,,,,,,,,,,,,,,,,
,,,,,,,,,,,,,,,,,,,,,,,,,,,,,,,,,,,,,,,,,,,,,,,,,,,,,,,,,,,,,,,,,,,,,,
#id,#GlobalStep,#Action,#Execute,#TestCase,#timeout,#ScheduleId,#Enabled,#Time,#DependencyProfile,#State,#ActionInterval,#ActionTimeout,,,,,,,,,,,,,,,,,,,,,,,,,,,,,,,,,,,,,,,,,,,,,,,,,,,,,,,,,,
T_ENT_3,Trigger_EC,VerifyTimeScheduleInfo,TRUE,,1000,TS_ENT_COMP,TRUE,NULL,NULL,3,2,10,,,,,,,,,,,,,,,,,,,,,,,,,,,,,,,,,,,,,,,,,,,,,,,,,,,,,,,,,,
,,,,,,,,,,,,,,,,,,,,,,,,,,,,,,,,,,,,,,,,,,,,,,,,,,,,,,,,,,,,,,,,,,,,,,
#id,#GlobalStep,#Action,#Execute,#TestCase,#timeout,#Comment,#EntitlementID,#DiaryEntryID,#CAOptionCode,#SecuritiesAccountID,#BalanceType,#BalanceSubtype,#BalanceCategory,#CurrencyCode,#InstrumentID,#EligibleQuantity,#EntitledQuantity,#Quantity,#Fraction,#Value,#Tax,#HandlingFee,#HandlingFee GST,#EntitlementCurrency,#IntendedPaymentDate,#CompletedDate,#EntitlementStatus,#EntitlementDistribution,#CreatedDateTime,#LastUpdateDateTime,#IsAggregated,#Latest,,,,,,,,,,,,,,,,,,,,,,,,,,,,,,,,,,,,,,
VENT0_1,Verify_Entitlements,VerifyCAEntitlements,TRUE,,20000,Entitlement computation,,@{VRFY_CA_DIARY_ENTRY_id0001.DiaryEntryId},@{CA_Option_id0001.CAOptionCode},@{CRT_SEC_1.SecurityAccountID},0,,,SGD,@{CRT_SEC_1.InstrumentID},@{CRT_SEC_1.Balance},@{CRT_SEC_1.Balance},800,,,,,,,,,0,0,,,0,1,,,,,,,,,,,,,,,,,,,,,,,,,,,,,,,,,,,,,,
VENT0_2,Verify_Entitlements,VerifyCAEntitlements,TRUE,,20000,Entitlement computation,,@{VRFY_CA_DIARY_ENTRY_id0001.DiaryEntryId},@{CA_Option_id0001.CAOptionCode},@{CRT_SEC_2.SecurityAccountID},0,,,SGD,@{CRT_SEC_2.InstrumentID},@{CRT_SEC_2.Balance},@{CRT_SEC_2.Balance},800,,,,,,,,,0,0,,,0,1,,,,,,,,,,,,,,,,,,,,,,,,,,,,,,,,,,,,,,
VENT0_3,Verify_Entitlements,VerifyCAEntitlements,TRUE,,20000,Entitlement computation,,@{VRFY_CA_DIARY_ENTRY_id0001.DiaryEntryId},@{CA_Option_id0001.CAOptionCode},@{CRT_SEC_3.SecurityAccountID},0,,,SGD,@{CRT_SEC_3.InstrumentID},@{CRT_SEC_3.Balance},@{CRT_SEC_3.Balance},800,,,,,,,,,0,0,,,0,1,,,,,,,,,,,,,,,,,,,,,,,,,,,,,,,,,,,,,,
VENT0_4,Verify_Entitlements,VerifyCAEntitlements,TRUE,,20000,Entitlement computation,,@{VRFY_CA_DIARY_ENTRY_id0001.DiaryEntryId},@{CA_Option_id0001.CAOptionCode},@{CRT_SEC_4.SecurityAccountID},0,,,SGD,@{CRT_SEC_4.InstrumentID},@{CRT_SEC_4.Balance},@{CRT_SEC_4.Balance},800,,,,,,,,,0,0,,,0,1,,,,,,,,,,,,,,,,,,,,,,,,,,,,,,,,,,,,,,
VENT0_5,Verify_Entitlements,VerifyCAEntitlements,TRUE,,20000,Entitlement computation,,@{VRFY_CA_DIARY_ENTRY_id0001.DiaryEntryId},@{CA_Option_id0001.CAOptionCode},@{CRT_SEC_5.SecurityAccountID},0,,,SGD,@{CRT_SEC_5.InstrumentID},@{CRT_SEC_5.Balance},@{CRT_SEC_5.Balance},800,,,,,,,,,0,0,,,0,1,,,,,,,,,,,,,,,,,,,,,,,,,,,,,,,,,,,,,,
VENT0_6,Verify_Entitlements,VerifyCAEntitlements,TRUE,,20000,Entitlement computation,,@{VRFY_CA_DIARY_ENTRY_id0001.DiaryEntryId},@{CA_Option_id0001.CAOptionCode},@{CRT_SEC_6.SecurityAccountID},0,,,SGD,@{CRT_SEC_6.InstrumentID},@{CRT_SEC_6.Balance},@{CRT_SEC_6.Balance},800,,,,,,,,,0,0,,,0,1,,,,,,,,,,,,,,,,,,,,,,,,,,,,,,,,,,,,,,
VENT0_7,Verify_Entitlements,VerifyCAEntitlements,TRUE,,20000,Entitlement computation,,@{VRFY_CA_DIARY_ENTRY_id0001.DiaryEntryId},@{CA_Option_id0001.CAOptionCode},@{CRT_SEC_7.SecurityAccountID},0,,,SGD,@{CRT_SEC_7.InstrumentID},@{CRT_SEC_7.Balance},@{CRT_SEC_7.Balance},800,,,,,,,,,0,0,,,0,1,,,,,,,,,,,,,,,,,,,,,,,,,,,,,,,,,,,,,,
VENT0_8,Verify_Entitlements,VerifyCAEntitlements,TRUE,,20000,Entitlement computation,,@{VRFY_CA_DIARY_ENTRY_id0001.DiaryEntryId},@{CA_Option_id0001.CAOptionCode},@{CRT_SEC_8.SecurityAccountID},0,,,SGD,@{CRT_SEC_8.InstrumentID},@{CRT_SEC_8.Balance},@{CRT_SEC_8.Balance},800,,,,,,,,,0,0,,,0,1,,,,,,,,,,,,,,,,,,,,,,,,,,,,,,,,,,,,,,
VENT0_9,Verify_Entitlements,VerifyCAEntitlements,TRUE,,20000,Entitlement computation,,@{VRFY_CA_DIARY_ENTRY_id0001.DiaryEntryId},@{CA_Option_id0001.CAOptionCode},@{CRT_SEC_9.SecurityAccountID},0,,,SGD,@{CRT_SEC_9.InstrumentID},@{CRT_SEC_9.Balance},@{CRT_SEC_9.Balance},800,,,,,,,,,0,0,,,0,1,,,,,,,,,,,,,,,,,,,,,,,,,,,,,,,,,,,,,,
VENT0_10,Verify_Entitlements,VerifyCAEntitlements,TRUE,,20000,Entitlement computation,,@{VRFY_CA_DIARY_ENTRY_id0001.DiaryEntryId},@{CA_Option_id0001.CAOptionCode},@{CRT_SEC_10.SecurityAccountID},0,,,SGD,@{CRT_SEC_10.InstrumentID},@{CRT_SEC_10.Balance},@{CRT_SEC_10.Balance},800,,,,,,,,,0,0,,,0,1,,,,,,,,,,,,,,,,,,,,,,,,,,,,,,,,,,,,,,
,,,,,,,,,,,,,,,,,,,,,,,,,,,,,,,,,,,,,,,,,,,,,,,,,,,,,,,,,,,,,,,,,,,,,,
#id,#GlobalStep,#Action,#Execute,#TestCase,#timeout,#Comment,#Symbol,#CashAccountID,#DiaryEntryId,#CAStatus,#ExDate,#AnnouncementDate,#RecordDate,#SecuritiesAccountID,#ReminderDate,#CalculationDate,#ElectionEndDate,#ElectionStartDate,#CorporateActionReference,#AlternateCAReference,#BalanceCaptureDate,#ExcessAllotmentProcessDate,#CAAllotmentMethod,#CADisseminationType,#CAElectionStatus,#AlternativeIssuerID,#IssuerDepositFlow,#IssuerWithdrawalFlow,#Narration,#CAMandatoryIndicator,#CAType,#CreatedDateTime,#LastUpdatedDateTime,#CAEventTimeSCHGroup,#SettlementInstructionsAdj,#RightsTradingEndDate,#EntitlementConfirmation,#ForeignIssuerCshReceiptAcc,#ForeignRightsCshReceiptAcc,#DependentDiaryEntry,#UseOfDependentCaEvent,#RecDateHoldingValidation,#EntitledBalanceAdjustment,#PartialOfferRatioTerm1,#PartialOfferRatioTerm2,#WithholdingTaxRate,#HandlingFee,#TaxOnHandlingFee,#FreezeTransactionAdjType,#HypothecationTransAdjType,#ReversibleTransferAdjType,#HoldReversibleTransClaimSI,#AdjFactorComputationMethod,#ComputedPriceAdjCurrency,#ComputedPriceAdjFactor,#ComputedQuantityAdjFactor,#ManualPriceAdjCurrency,#ManualPriceAdjFactor,#ManualQuantityAdjFactor,#CorporateActionDescription,#CADividendType,#RightsTradingStartDate,#CASource,#PaymentCompletionDateTime,#WithdrawnDateTime,#AlternativeCAReference,#CAInvestorRestrictions,#ExternalRequestID,#ReferenceUUID,#NoData
VRFY_CA_DIARY_ENTRY_After_Triger_ENT_TS_id0001,VerifyDiaryEntry_StatusEntilCompute,VerifyCADiaryEntry,TRUE,,2000,Bonus Issue Creation,@{instrumentId(Static.Instr)},,,Entitlements Computed,,"@{format(time(-6),'yyyy/MM/dd')}","@{format(time(0),'yyyy/MM/dd')}",,,"@{format(time(0),'yyyy/MM/dd')}",,,@{CA_DIARY_ENTRY_id0001.CorporateActionReference},@{CA_DIARY_ENTRY_id0001.AlternateCAReference},,,,Processing Only,,,,,New Entry,Mandatory,BONU-Bonus Issue,,,DEF_CA_TS_GROUP,,,Disabled,,,,None,Validate Quantity,,,,,,,Adjust Transaction,Adjust Transaction,,,,,,,,,,BONU-Bonus Issue,,,,,,,,,,
,,,,,,,,,,,,,,,,,,,,,,,,,,,,,,,,,,,,,,,,,,,,,,,,,,,,,,,,,,,,,,,,,,,,,,
#id,#GlobalStep,#Action,#Execute,#TestCase,#timeout,#Comment,#ReferenceUUID,#OptionUniqueReference,#OverSubscriptionAllowed,#CashPaymentDate,#DefaultIndicator,#CAOptionType,#CurrencyPaymentDate,#SecuritiesPaymentDate,#RecordStatus,#AnnouncedCurrency,#AnnouncedPaymentRate,#CABlockBalanceType,#CACashValueIncreaseType,#CAClaimSettlementType,#CACurrency,#CAPaymentTimeSchGroup,#CashPaymentStatus,#CashValueIncrease,#ConditionalIndicator,#ExchangeRate,#IssuerCashPymntReceiveDate,#IssuerCashPymntRemindDate,#IssuerSecuPymntReceiveDate,#IssuerSecuPymntRemindDate,#ObligationSettleDateOffset,#PaymentObligationCurrency,#PaymentObligationGeneration,#PaymentObligationRate,#SecuritiesPaymentStatus,#SizeAdjCashInLieuRate,#SizeAdjFractionHandling,#SizeAdjustment,#SizeAdjustmentFactorTerm1,#SizeAdjustmentFactorTerm2,#SizeRoundingPolicy,#SizeRoundingPrecision,#ThresholdToDistribute,#ValueAdjustment,#ValueAdjustmentCurrency,#ValueRoundingPolicy,#PriceperUnit,#CAOptionCode,,,,,,,,,,,,,,,,,,,,,,
VRFY_CA_OPTION_After_Trigrer_ENT_TS_id0001,VerifyDiaryEntry_StatusEntilCompute,VerifyCAOption,TRUE,,200,Bonus Issue Creation,@{VRFY_CA_DIARY_ENTRY_id0001.DiaryEntryId},@{CA_Option_id0001.OptionUniqueReference},No,,,9,,"@{format(time(0),'yyyy/MM/dd')}",,,1,0,,,SGD,DEF_CA_PAY_TS_GROUP,,,,10,,,"@{format(time(0),'yyyy/MM/dd')}","@{format(time(0),'yyyy/MM/dd')}",,,,,1,0.75,1,1,5,1,1,4,,0,,1,,@{CA_Option_id0001.CAOptionCode},,,,,,,,,,,,,,,,,,,,,,
,,,,,,,,,,,,,,,,,,,,,,,,,,,,,,,,,,,,,,,,,,,,,,,,,,,,,,,,,,,,,,,,,,,,,,
#id,#GlobalStep,#Action,#Execute,#TestCase,#timeout,#Comment,#SecurityAccountID,#InstrumentID,#BalanceType,#BalanceSubType,#Balance,#RequestId,#Currency,#ValuationPrice,#Category,#Reference,,,,,,,,,,,,,,,,,,,,,,,,,,,,,,,,,,,,,,,,,,,,,,,,,,,,,,
CRT_SECU_BALANCE_01,Create_BalancePosition_1,AddSecurityPosition,TRUE,,1000,Add Free balance for instrument INSTR_013R,999000007876,@{CRT_SEC_1.InstrumentID},0,,100000,,,,,,,,,,,,,,,,,,,,,,,,,,,,,,,,,,,,,,,,,,,,,,,,,,,,,,,,,,,
,,,,,,,,,,,,,,,,,,,,,,,,,,,,,,,,,,,,,,,,,,,,,,,,,,,,,,,,,,,,,,,,,,,,,,
#id,#GlobalStep,#Action,#Execute,#TestCase,#timeout,#Comment,#SourceAccountID,#InstrumentID,#SourceBalanceType,#BalanceSubType,#Balance,#RequestId,#CurrencyCode,#ValuationPrice,#Remarks,#DepositoryTransactionID,#CertificateID,#RequestType,#TransactionType,#DepositType,#CertificateType,#DateOfIssue,#SourceParticipant,#SecurityDepositStatus,#RejectCode,#RejectReason,,,,,,,,,,,,,,,,,,,,,,,,,,,,,,,,,,,,,,,,,,,,
VERFY_CRTD_SECU_BALANCE_01,Verify_Management_Request_1,VerifyDepositoryManagementRequest,TRUE,,10000,vrf crtd secu bal,@{CRT_SECU_BALANCE_01.SecurityAccountID},@{CRT_SECU_BALANCE_01.InstrumentID},0,,@{CRT_SECU_BALANCE_01.Balance},@{CRT_SECU_BALANCE_01.RequestId},,,,,,,,,,,,,,,,,,,,,,,,,,,,,,,,,,,,,,,,,,,,,,,,,,,,,,,,,,
,,,,,,,,,,,,,,,,,,,,,,,,,,,,,,,,,,,,,,,,,,,,,,,,,,,,,,,,,,,,,,,,,,,,,,
#id,#GlobalStep,#Action,#Execute,#TestCase,#timeout,#Comment,#PositionAccountID,#Symbol,#CurrencyCode,#BalanceType,#BalanceSubType,#Balance,#Reference,#PositionID,#CreditDebitIndicator,#DepositoryTransactionID,,,,,,,,,,,,,,,,,,,,,,,,,,,,,,,,,,,,,,,,,,,,,,,,,,,,,,
VSEC1_1,Verify_Sec_Positions_1,VerifySecurityPositions,TRUE,,20000,,@{CRT_SEC_1.SecurityAccountID},@{VSEC_1.Symbol},SGD,0,null,@{CRT_SEC_1.Balance},@{CRT_SEC_1.Reference},,1,,,,,,,,,,,,,,,,,,,,,,,,,,,,,,,,,,,,,,,,,,,,,,,,,,,,,,,
VSEC1_2,Verify_Sec_Positions_1,VerifySecurityPositions,TRUE,,20000,,@{CRT_SEC_2.SecurityAccountID},@{VSEC_2.Symbol},SGD,0,null,@{CRT_SEC_2.Balance},@{CRT_SEC_2.Reference},,1,,,,,,,,,,,,,,,,,,,,,,,,,,,,,,,,,,,,,,,,,,,,,,,,,,,,,,,
VSEC1_3,Verify_Sec_Positions_1,VerifySecurityPositions,TRUE,,20000,,@{CRT_SEC_3.SecurityAccountID},@{VSEC_3.Symbol},SGD,0,null,@{CRT_SEC_3.Balance},@{CRT_SEC_3.Reference},,1,,,,,,,,,,,,,,,,,,,,,,,,,,,,,,,,,,,,,,,,,,,,,,,,,,,,,,,
VSEC1_4,Verify_Sec_Positions_1,VerifySecurityPositions,TRUE,,20000,,@{CRT_SEC_4.SecurityAccountID},@{VSEC_4.Symbol},SGD,0,null,@{CRT_SEC_4.Balance},@{CRT_SEC_4.Reference},,1,,,,,,,,,,,,,,,,,,,,,,,,,,,,,,,,,,,,,,,,,,,,,,,,,,,,,,,
VSEC1_5,Verify_Sec_Positions_1,VerifySecurityPositions,TRUE,,20000,,@{CRT_SEC_5.SecurityAccountID},@{VSEC_5.Symbol},SGD,0,null,@{CRT_SEC_5.Balance},@{CRT_SEC_5.Reference},,1,,,,,,,,,,,,,,,,,,,,,,,,,,,,,,,,,,,,,,,,,,,,,,,,,,,,,,,
VSEC1_6,Verify_Sec_Positions_1,VerifySecurityPositions,TRUE,,20000,,@{CRT_SEC_6.SecurityAccountID},@{VSEC_6.Symbol},SGD,0,null,@{CRT_SEC_6.Balance},@{CRT_SEC_6.Reference},,1,,,,,,,,,,,,,,,,,,,,,,,,,,,,,,,,,,,,,,,,,,,,,,,,,,,,,,,
VSEC1_7,Verify_Sec_Positions_1,VerifySecurityPositions,TRUE,,20000,,@{CRT_SEC_7.SecurityAccountID},@{VSEC_7.Symbol},SGD,0,null,@{CRT_SEC_7.Balance},@{CRT_SEC_7.Reference},,1,,,,,,,,,,,,,,,,,,,,,,,,,,,,,,,,,,,,,,,,,,,,,,,,,,,,,,,
VSEC1_8,Verify_Sec_Positions_1,VerifySecurityPositions,TRUE,,20000,,@{CRT_SEC_8.SecurityAccountID},@{VSEC_8.Symbol},SGD,0,null,@{CRT_SEC_8.Balance},@{CRT_SEC_8.Reference},,1,,,,,,,,,,,,,,,,,,,,,,,,,,,,,,,,,,,,,,,,,,,,,,,,,,,,,,,
VSEC1_9,Verify_Sec_Positions_1,VerifySecurityPositions,TRUE,,20000,,@{CRT_SEC_9.SecurityAccountID},@{VSEC_9.Symbol},SGD,0,null,@{CRT_SEC_9.Balance},@{CRT_SEC_9.Reference},,1,,,,,,,,,,,,,,,,,,,,,,,,,,,,,,,,,,,,,,,,,,,,,,,,,,,,,,,
VSEC1_10,Verify_Sec_Positions_1,VerifySecurityPositions,TRUE,,20000,,@{CRT_SEC_10.SecurityAccountID},@{VSEC_10.Symbol},SGD,0,null,@{CRT_SEC_10.Balance},@{CRT_SEC_10.Reference},,1,,,,,,,,,,,,,,,,,,,,,,,,,,,,,,,,,,,,,,,,,,,,,,,,,,,,,,,
,,,,,,,,,,,,,,,,,,,,,,,,,,,,,,,,,,,,,,,,,,,,,,,,,,,,,,,,,,,,,,,,,,,,,,
#id,#GlobalStep,#Action,#Execute,#TestCase,#timeout,#Comment,#ScriptDirectory,#ScriptName,#Parameters,,,,,,,,,,,,,,,,,,,,,,,,,,,,,,,,,,,,,,,,,,,,,,,,,,,,,,,,,,,,,
T_SECU_REMIND_2,Trigger_REMIND,ExecuteScript,TRUE,,0,,./,ts_iss_pay_remind.sh,,,,,,,,,,,,,,,,,,,,,,,,,,,,,,,,,,,,,,,,,,,,,,,,,,,,,,,,,,,,,,
,,,,,,,,,,,,,,,,,,,,,,,,,,,,,,,,,,,,,,,,,,,,,,,,,,,,,,,,,,,,,,,,,,,,,,
#id,#GlobalStep,#Action,#Execute,#TestCase,#timeout,#ScheduleId,#Enabled,#Time,#DependencyProfile,#State,#ActionInterval,#ActionTimeout,,,,,,,,,,,,,,,,,,,,,,,,,,,,,,,,,,,,,,,,,,,,,,,,,,,,,,,,,,
T_SECU_REMIND_3,Trigger_REMIND,VerifyTimeScheduleInfo,TRUE,,1000,TS_ISS_PAY_REMIND_SECU,TRUE,NULL,NULL,3,2,10,,,,,,,,,,,,,,,,,,,,,,,,,,,,,,,,,,,,,,,,,,,,,,,,,,,,,,,,,,
,,,,,,,,,,,,,,,,,,,,,,,,,,,,,,,,,,,,,,,,,,,,,,,,,,,,,,,,,,,,,,,,,,,,,,
#id,#GlobalStep,#Action,#Execute,#TestCase,#timeout,#Comment,#DepoTransferType,#SourceSecurityAccountID,#ParticipantID,#SourceSecBalanceType,#SourceReference,#DestinationSecurityAccID,#ReceivingParticipant,#DestiSecBalanceType,#DestReference,#InstrumentID,#TransactionQuantity,#TransferReference,#Remark,#EnteringUserID,#DepoTransStatus,#PledgeRequestSource,#PledgeRequestInitiatorType,#RequestInitiatorSide,#ExternalRequestID,#DepoTransferSubStatus,#SourceBalanceSubType,#DestiBalanceSubType,#CreatedUserID,#SourceAuthUserID,#SourceAuthDate,#LastRecordUpdatedDate,#LastUpdatedDateTime,,,,,,,,,,,,,,,,,,,,,,,,,,,,,,,,,,,,,
EAR_2,VerifyEarmarkRequest_2,VerifySecurityTransfer,TRUE,sum,20000,,CA_EARMARK,@{CRT_SECU_BALANCE_01.SecurityAccountID},CDP,Free,,@{CRT_SECU_BALANCE_01.SecurityAccountID},CDP,Earmarked,@{CA_DIARY_ENTRY_id0001.CorporateActionReference},@{CRT_SEC_1.InstrumentID},8000,,,,6,System,System,0,,,,,,,,,,,,,,,,,,,,,,,,,,,,,,,,,,,,,,,,,,,,,,
,,,,,,,,,,,,,,,,,,,,,,,,,,,,,,,,,,,,,,,,,,,,,,,,,,,,,,,,,,,,,,,,,,,,,,
#id,#GlobalStep,#Action,#Execute,#TestCase,#timeout,#Comment,#ReferenceUUID,#OptionUniqueReference,#OverSubscriptionAllowed,#CashPaymentDate,#DefaultIndicator,#CAOptionType,#CurrencyPaymentDate,#SecuritiesPaymentDate,#RecordStatus,#AnnouncedCurrency,#AnnouncedPaymentRate,#CABlockBalanceType,#CACashValueIncreaseType,#CAClaimSettlementType,#CACurrency,#CAPaymentTimeSchGroup,#CashPaymentStatus,#CashValueIncrease,#ConditionalIndicator,#ExchangeRate,#IssuerCashPymntReceiveDate,#IssuerCashPymntRemindDate,#IssuerSecuPymntReceiveDate,#IssuerSecuPymntRemindDate,#ObligationSettleDateOffset,#PaymentObligationCurrency,#PaymentObligationGeneration,#PaymentObligationRate,#SecuritiesPaymentStatus,#SizeAdjCashInLieuRate,#SizeAdjFractionHandling,#SizeAdjustment,#SizeAdjustmentFactorTerm1,#SizeAdjustmentFactorTerm2,#SizeRoundingPolicy,#SizeRoundingPrecision,#ThresholdToDistribute,#ValueAdjustment,#ValueAdjustmentCurrency,#ValueRoundingPolicy,#PriceperUnit,#CAOptionCode,#SizeAdjCashInLieuRateCurrency,,,,,,,,,,,,,,,,,,,,,
VRFY_CA_OPTION_id3001,Verify_RepeatingOptions_Status_2,VerifyCAOption,TRUE,,200,,@{VRFY_CA_DIARY_ENTRY_id0001.DiaryEntryId},@{CA_Option_id0001.OptionUniqueReference},No,,,9,,,,,,0,,,SGD,DEF_CA_PAY_TS_GROUP,,,,,,,"@{format(time(0),'yyyy/MM/dd')}","@{format(time(0),'yyyy/MM/dd')}",,,,,2,0.75,1,1,5,1,1,4,,0,,1,,@{CA_Option_id0001.CAOptionCode},,,,,,,,,,,,,,,,,,,,,,
,,,,,,,,,,,,,,,,,,,,,,,,,,,,,,,,,,,,,,,,,,,,,,,,,,,,,,,,,,,,,,,,,,,,,,
#id,#GlobalStep,#Action,#Execute,#TestCase,#timeout,#Comment,#Symbol,#CashAccountID,#DiaryEntryId,#CAStatus,#ExDate,#AnnouncementDate,#RecordDate,#SecuritiesAccountID,#ReminderDate,#CalculationDate,#ElectionEndDate,#ElectionStartDate,#CorporateActionReference,#AlternateCAReference,#BalanceCaptureDate,#ExcessAllotmentProcessDate,#CAAllotmentMethod,#CADisseminationType,#CAElectionStatus,#AlternativeIssuerID,#IssuerDepositFlow,#IssuerWithdrawalFlow,#Narration,#CAMandatoryIndicator,#CAType,#CreatedDateTime,#LastUpdatedDateTime,#CAEventTimeSCHGroup,#SettlementInstructionsAdj,#RightsTradingEndDate,#EntitlementConfirmation,#ForeignIssuerCshReceiptAcc,#ForeignRightsCshReceiptAcc,#DependentDiaryEntry,#UseOfDependentCaEvent,#RecDateHoldingValidation,#EntitledBalanceAdjustment,#PartialOfferRatioTerm1,#PartialOfferRatioTerm2,#WithholdingTaxRate,#HandlingFee,#TaxOnHandlingFee,#FreezeTransactionAdjType,#HypothecationTransAdjType,#ReversibleTransferAdjType,#HoldReversibleTransClaimSI,#AdjFactorComputationMethod,#ComputedPriceAdjCurrency,#ComputedPriceAdjFactor,#ComputedQuantityAdjFactor,#ManualPriceAdjCurrency,#ManualPriceAdjFactor,#ManualQuantityAdjFactor,#CorporateActionDescription,#CADividendType,#RightsTradingStartDate,#CASource,#PaymentCompletionDateTime,#WithdrawnDateTime,#AlternativeCAReference,#CAInvestorRestrictions,#ExternalRequestID,#ReferenceUUID,#NoData
VRFY_DIARY_ENTRY_id3001,VerifyDiaryEntry_Status_2,VerifyCADiaryEntry,TRUE,,2000,CA,@{instrumentId(Static.Instr)},,,Entitlements Computed,,"@{format(time(-6),'yyyy/MM/dd')}","@{format(time(0),'yyyy/MM/dd')}",,,"@{format(time(0),'yyyy/MM/dd')}",,,@{CA_DIARY_ENTRY_id0001.CorporateActionReference},@{CA_DIARY_ENTRY_id0001.AlternateCAReference},,,,Processing Only,,,,,New Entry,Mandatory,BONU-Bonus Issue,,,DEF_CA_TS_GROUP,,,Disabled,,,,None,Validate Quantity,,,,,,,Adjust Transaction,Adjust Transaction,,,,,,,,,,BONU-Bonus Issue,,,,,,,,,,
,,,,,,,,,,,,,,,,,,,,,,,,,,,,,,,,,,,,,,,,,,,,,,,,,,,,,,,,,,,,,,,,,,,,,,
#id,#GlobalStep,#Action,#Execute,#TestCase,#timeout,#Comment,#EntitlementID,#DiaryEntryID,#CAOptionCode,#SecuritiesAccountID,#BalanceType,#BalanceSubtype,#BalanceCategory,#CurrencyCode,#InstrumentID,#EligibleQuantity,#EntitledQuantity,#Quantity,#Fraction,#Value,#Tax,#HandlingFee,#HandlingFee GST,#EntitlementCurrency,#IntendedPaymentDate,#CompletedDate,#EntitlementStatus,#EntitlementDistribution,#CreatedDateTime,#LastUpdateDateTime,#IsAggregated,#Latest,,,,,,,,,,,,,,,,,,,,,,,,,,,,,,,,,,,,,,
VENT1_1,Verify_Entitlements_AFT_RMND,VerifyCAEntitlements,TRUE,,20000,Entitlement computation,,@{VRFY_CA_DIARY_ENTRY_id0001.DiaryEntryId},@{CA_Option_id0001.CAOptionCode},@{CRT_SEC_1.SecurityAccountID},0,,,SGD,@{CRT_SEC_1.InstrumentID},@{CRT_SEC_1.Balance},@{CRT_SEC_1.Balance},@{VENT0_1.Quantity},,,,,,,,,0,0,,,0,1,,,,,,,,,,,,,,,,,,,,,,,,,,,,,,,,,,,,,,
VENT1_2,Verify_Entitlements_AFT_RMND,VerifyCAEntitlements,TRUE,,20000,Entitlement computation,,@{VRFY_CA_DIARY_ENTRY_id0001.DiaryEntryId},@{CA_Option_id0001.CAOptionCode},@{CRT_SEC_2.SecurityAccountID},0,,,SGD,@{CRT_SEC_2.InstrumentID},@{CRT_SEC_2.Balance},@{CRT_SEC_2.Balance},@{VENT0_2.Quantity},,,,,,,,,0,0,,,0,1,,,,,,,,,,,,,,,,,,,,,,,,,,,,,,,,,,,,,,
VENT1_3,Verify_Entitlements_AFT_RMND,VerifyCAEntitlements,TRUE,,20000,Entitlement computation,,@{VRFY_CA_DIARY_ENTRY_id0001.DiaryEntryId},@{CA_Option_id0001.CAOptionCode},@{CRT_SEC_3.SecurityAccountID},0,,,SGD,@{CRT_SEC_3.InstrumentID},@{CRT_SEC_3.Balance},@{CRT_SEC_3.Balance},@{VENT0_3.Quantity},,,,,,,,,0,0,,,0,1,,,,,,,,,,,,,,,,,,,,,,,,,,,,,,,,,,,,,,
VENT1_4,Verify_Entitlements_AFT_RMND,VerifyCAEntitlements,TRUE,,20000,Entitlement computation,,@{VRFY_CA_DIARY_ENTRY_id0001.DiaryEntryId},@{CA_Option_id0001.CAOptionCode},@{CRT_SEC_4.SecurityAccountID},0,,,SGD,@{CRT_SEC_4.InstrumentID},@{CRT_SEC_4.Balance},@{CRT_SEC_4.Balance},@{VENT0_4.Quantity},,,,,,,,,0,0,,,0,1,,,,,,,,,,,,,,,,,,,,,,,,,,,,,,,,,,,,,,
VENT1_5,Verify_Entitlements_AFT_RMND,VerifyCAEntitlements,TRUE,,20000,Entitlement computation,,@{VRFY_CA_DIARY_ENTRY_id0001.DiaryEntryId},@{CA_Option_id0001.CAOptionCode},@{CRT_SEC_5.SecurityAccountID},0,,,SGD,@{CRT_SEC_5.InstrumentID},@{CRT_SEC_5.Balance},@{CRT_SEC_5.Balance},@{VENT0_5.Quantity},,,,,,,,,0,0,,,0,1,,,,,,,,,,,,,,,,,,,,,,,,,,,,,,,,,,,,,,
VENT1_6,Verify_Entitlements_AFT_RMND,VerifyCAEntitlements,TRUE,,20000,Entitlement computation,,@{VRFY_CA_DIARY_ENTRY_id0001.DiaryEntryId},@{CA_Option_id0001.CAOptionCode},@{CRT_SEC_6.SecurityAccountID},0,,,SGD,@{CRT_SEC_6.InstrumentID},@{CRT_SEC_6.Balance},@{CRT_SEC_6.Balance},@{VENT0_6.Quantity},,,,,,,,,0,0,,,0,1,,,,,,,,,,,,,,,,,,,,,,,,,,,,,,,,,,,,,,
VENT1_7,Verify_Entitlements_AFT_RMND,VerifyCAEntitlements,TRUE,,20000,Entitlement computation,,@{VRFY_CA_DIARY_ENTRY_id0001.DiaryEntryId},@{CA_Option_id0001.CAOptionCode},@{CRT_SEC_7.SecurityAccountID},0,,,SGD,@{CRT_SEC_7.InstrumentID},@{CRT_SEC_7.Balance},@{CRT_SEC_7.Balance},@{VENT0_7.Quantity},,,,,,,,,0,0,,,0,1,,,,,,,,,,,,,,,,,,,,,,,,,,,,,,,,,,,,,,
VENT1_8,Verify_Entitlements_AFT_RMND,VerifyCAEntitlements,TRUE,,20000,Entitlement computation,,@{VRFY_CA_DIARY_ENTRY_id0001.DiaryEntryId},@{CA_Option_id0001.CAOptionCode},@{CRT_SEC_8.SecurityAccountID},0,,,SGD,@{CRT_SEC_8.InstrumentID},@{CRT_SEC_8.Balance},@{CRT_SEC_8.Balance},@{VENT0_8.Quantity},,,,,,,,,0,0,,,0,1,,,,,,,,,,,,,,,,,,,,,,,,,,,,,,,,,,,,,,
VENT1_9,Verify_Entitlements_AFT_RMND,VerifyCAEntitlements,TRUE,,20000,Entitlement computation,,@{VRFY_CA_DIARY_ENTRY_id0001.DiaryEntryId},@{CA_Option_id0001.CAOptionCode},@{CRT_SEC_9.SecurityAccountID},0,,,SGD,@{CRT_SEC_9.InstrumentID},@{CRT_SEC_9.Balance},@{CRT_SEC_9.Balance},@{VENT0_9.Quantity},,,,,,,,,0,0,,,0,1,,,,,,,,,,,,,,,,,,,,,,,,,,,,,,,,,,,,,,
VENT1_10,Verify_Entitlements_AFT_RMND,VerifyCAEntitlements,TRUE,,20000,Entitlement computation,,@{VRFY_CA_DIARY_ENTRY_id0001.DiaryEntryId},@{CA_Option_id0001.CAOptionCode},@{CRT_SEC_10.SecurityAccountID},0,,,SGD,@{CRT_SEC_10.InstrumentID},@{CRT_SEC_10.Balance},@{CRT_SEC_10.Balance},@{VENT0_10.Quantity},,,,,,,,,0,0,,,0,1,,,,,,,,,,,,,,,,,,,,,,,,,,,,,,,,,,,,,,
,,,,,,,,,,,,,,,,,,,,,,,,,,,,,,,,,,,,,,,,,,,,,,,,,,,,,,,,,,,,,,,,,,,,,,
#id,#GlobalStep,#Action,#Execute,#TestCase,#timeout,#Comment,#ScriptDirectory,#ScriptName,#Parameters,,,,,,,,,,,,,,,,,,,,,,,,,,,,,,,,,,,,,,,,,,,,,,,,,,,,,,,,,,,,,
TSECU_PAY_RECEIPT_2,Trigger_PAY_REC,ExecuteScript,TRUE,,0,,./,ts_iss_pay_receipt.sh,,,,,,,,,,,,,,,,,,,,,,,,,,,,,,,,,,,,,,,,,,,,,,,,,,,,,,,,,,,,,,
,,,,,,,,,,,,,,,,,,,,,,,,,,,,,,,,,,,,,,,,,,,,,,,,,,,,,,,,,,,,,,,,,,,,,,
#id,#GlobalStep,#Action,#Execute,#TestCase,#timeout,#ScheduleId,#Enabled,#Time,#DependencyProfile,#State,#ActionInterval,#ActionTimeout,,,,,,,,,,,,,,,,,,,,,,,,,,,,,,,,,,,,,,,,,,,,,,,,,,,,,,,,,,
TSECU_PAY_RECEIPT_3,Trigger_PAY_REC,VerifyTimeScheduleInfo,TRUE,,1000,TS_ISS_PAY_RECEIPT_SECU,TRUE,NULL,NULL,3,2,10,,,,,,,,,,,,,,,,,,,,,,,,,,,,,,,,,,,,,,,,,,,,,,,,,,,,,,,,,,
,,,,,,,,,,,,,,,,,,,,,,,,,,,,,,,,,,,,,,,,,,,,,,,,,,,,,,,,,,,,,,,,,,,,,,
#id,#GlobalStep,#Action,#Execute,#TestCase,#timeout,#Comment,#ReferenceUUID,#OptionUniqueReference,#OverSubscriptionAllowed,#CashPaymentDate,#DefaultIndicator,#CAOptionType,#CurrencyPaymentDate,#SecuritiesPaymentDate,#RecordStatus,#AnnouncedCurrency,#AnnouncedPaymentRate,#CABlockBalanceType,#CACashValueIncreaseType,#CAClaimSettlementType,#CACurrency,#CAPaymentTimeSchGroup,#CashPaymentStatus,#CashValueIncrease,#ConditionalIndicator,#ExchangeRate,#IssuerCashPymntReceiveDate,#IssuerCashPymntRemindDate,#IssuerSecuPymntReceiveDate,#IssuerSecuPymntRemindDate,#ObligationSettleDateOffset,#PaymentObligationCurrency,#PaymentObligationGeneration,#PaymentObligationRate,#SecuritiesPaymentStatus,#SizeAdjCashInLieuRate,#SizeAdjFractionHandling,#SizeAdjustment,#SizeAdjustmentFactorTerm1,#SizeAdjustmentFactorTerm2,#SizeRoundingPolicy,#SizeRoundingPrecision,#ThresholdToDistribute,#ValueAdjustment,#ValueAdjustmentCurrency,#ValueRoundingPolicy,#PriceperUnit,#CAOptionCode,#SizeAdjCashInLieuRateCurrency,,,,,,,,,,,,,,,,,,,,,
VRFY_CA_OPTION_id4001,Verify_RepeatingOptions_Status_3,VerifyCAOption,TRUE,,200,,@{VRFY_CA_DIARY_ENTRY_id0001.DiaryEntryId},@{CA_Option_id0001.OptionUniqueReference},No,,,9,,,,,,0,,,SGD,DEF_CA_PAY_TS_GROUP,,,,,,,"@{format(time(0),'yyyy/MM/dd')}","@{format(time(0),'yyyy/MM/dd')}",,,,,2,0.75,1,1,5,1,1,4,,0,,1,,@{CA_Option_id0001.CAOptionCode},,,,,,,,,,,,,,,,,,,,,,
,,,,,,,,,,,,,,,,,,,,,,,,,,,,,,,,,,,,,,,,,,,,,,,,,,,,,,,,,,,,,,,,,,,,,,
#id,#GlobalStep,#Action,#Execute,#TestCase,#timeout,#Comment,#Symbol,#CashAccountID,#DiaryEntryId,#CAStatus,#ExDate,#AnnouncementDate,#RecordDate,#SecuritiesAccountID,#ReminderDate,#CalculationDate,#ElectionEndDate,#ElectionStartDate,#CorporateActionReference,#AlternateCAReference,#BalanceCaptureDate,#ExcessAllotmentProcessDate,#CAAllotmentMethod,#CADisseminationType,#CAElectionStatus,#AlternativeIssuerID,#IssuerDepositFlow,#IssuerWithdrawalFlow,#Narration,#CAMandatoryIndicator,#CAType,#CreatedDateTime,#LastUpdatedDateTime,#CAEventTimeSCHGroup,#SettlementInstructionsAdj,#RightsTradingEndDate,#EntitlementConfirmation,#ForeignIssuerCshReceiptAcc,#ForeignRightsCshReceiptAcc,#DependentDiaryEntry,#UseOfDependentCaEvent,#RecordDateHoldingValidation,#EntitledBalanceAdjustment,#PartialOfferRatioTerm1,#PartialOfferRatioTerm2,#WithholdingTaxRate,#HandlingFee,#TaxOnHandlingFee,#FreezeTransactionAdjType,#HypothecationTransAdjType,#ReversibleTransferAdjType,#HoldReversibleTransClaimSI,#AdjFactorComputationMethod,#ComputedPriceAdjCurrency,#ComputedPriceAdjFactor,#ComputedQuantityAdjFactor,#ManualPriceAdjCurrency,#ManualPriceAdjFactor,#ManualQuantityAdjFactor,#CorporateActionDescription,#CADividendType,#RightsTradingStartDate,#CASource,#PaymentCompletionDateTime,#WithdrawnDateTime,#AlternativeCAReference,#CAInvestorRestrictions,#ExternalRequestID,#ReferenceUUID,#NoData
VRFY_CA_DIARY_ENTRY_Status_003,VerifyDiaryEntry_Status3,VerifyCADiaryEntry,TRUE,,2000,BONU-Bonus Issue Creation,@{instrumentId(Static.Instr)},301-CASH,,Entitlements Confirmed,,"@{format(time(-6),'yyyy/MM/dd')}","@{format(time(0),'yyyy/MM/dd')}",,,"@{format(time(0),'yyyy/MM/dd')}",,,@{VRFY_CA_DIARY_ENTRY_id0001.CorporateActionReference},@{VRFY_CA_DIARY_ENTRY_id0001.AlternateCAReference},,,,Processing Only,,,,,New Entry,Mandatory,BONU-Bonus Issue,,,TSH_GRP1,,,Disabled,,,,None,Validate Quantity,,,,,,,Adjust Transaction,Adjust Transaction,,,,,,,,,,BONU-Bonus Issue,,,,,,,,,,
,,,,,,,,,,,,,,,,,,,,,,,,,,,,,,,,,,,,,,,,,,,,,,,,,,,,,,,,,,,,,,,,,,,,,,
#id,#GlobalStep,#Action,#Execute,#TestCase,#timeout,#Comment,#PositionAccountID,#Symbol,#CurrencyCode,#BalanceType,#BalanceSubType,#Balance,#Reference,#PositionID,#CreditDebitIndicator,#DepositoryTransactionID,,,,,,,,,,,,,,,,,,,,,,,,,,,,,,,,,,,,,,,,,,,,,,,,,,,,,,
VSEC2_1,Verify_Sec_Positions_2,VerifySecurityPositions,TRUE,,20000,,@{CRT_SEC_1.SecurityAccountID},@{VSEC_1.Symbol},SGD,0,null,@{CRT_SEC_1.Balance},@{CRT_SEC_1.Reference},,1,,,,,,,,,,,,,,,,,,,,,,,,,,,,,,,,,,,,,,,,,,,,,,,,,,,,,,,
VSEC2_2,Verify_Sec_Positions_2,VerifySecurityPositions,TRUE,,20000,,@{CRT_SEC_2.SecurityAccountID},@{VSEC_2.Symbol},SGD,0,null,@{CRT_SEC_2.Balance},@{CRT_SEC_2.Reference},,1,,,,,,,,,,,,,,,,,,,,,,,,,,,,,,,,,,,,,,,,,,,,,,,,,,,,,,,
VSEC2_3,Verify_Sec_Positions_2,VerifySecurityPositions,TRUE,,20000,,@{CRT_SEC_3.SecurityAccountID},@{VSEC_3.Symbol},SGD,0,null,@{CRT_SEC_3.Balance},@{CRT_SEC_3.Reference},,1,,,,,,,,,,,,,,,,,,,,,,,,,,,,,,,,,,,,,,,,,,,,,,,,,,,,,,,
VSEC2_4,Verify_Sec_Positions_2,VerifySecurityPositions,TRUE,,20000,,@{CRT_SEC_4.SecurityAccountID},@{VSEC_4.Symbol},SGD,0,null,@{CRT_SEC_4.Balance},@{CRT_SEC_4.Reference},,1,,,,,,,,,,,,,,,,,,,,,,,,,,,,,,,,,,,,,,,,,,,,,,,,,,,,,,,
VSEC2_5,Verify_Sec_Positions_2,VerifySecurityPositions,TRUE,,20000,,@{CRT_SEC_5.SecurityAccountID},@{VSEC_5.Symbol},SGD,0,null,@{CRT_SEC_5.Balance},@{CRT_SEC_5.Reference},,1,,,,,,,,,,,,,,,,,,,,,,,,,,,,,,,,,,,,,,,,,,,,,,,,,,,,,,,
VSEC2_6,Verify_Sec_Positions_2,VerifySecurityPositions,TRUE,,20000,,@{CRT_SEC_6.SecurityAccountID},@{VSEC_6.Symbol},SGD,0,null,@{CRT_SEC_6.Balance},@{CRT_SEC_6.Reference},,1,,,,,,,,,,,,,,,,,,,,,,,,,,,,,,,,,,,,,,,,,,,,,,,,,,,,,,,
VSEC2_7,Verify_Sec_Positions_2,VerifySecurityPositions,TRUE,,20000,,@{CRT_SEC_7.SecurityAccountID},@{VSEC_7.Symbol},SGD,0,null,@{CRT_SEC_7.Balance},@{CRT_SEC_7.Reference},,1,,,,,,,,,,,,,,,,,,,,,,,,,,,,,,,,,,,,,,,,,,,,,,,,,,,,,,,
VSEC2_8,Verify_Sec_Positions_2,VerifySecurityPositions,TRUE,,20000,,@{CRT_SEC_8.SecurityAccountID},@{VSEC_8.Symbol},SGD,0,null,@{CRT_SEC_8.Balance},@{CRT_SEC_8.Reference},,1,,,,,,,,,,,,,,,,,,,,,,,,,,,,,,,,,,,,,,,,,,,,,,,,,,,,,,,
VSEC2_9,Verify_Sec_Positions_2,VerifySecurityPositions,TRUE,,20000,,@{CRT_SEC_9.SecurityAccountID},@{VSEC_9.Symbol},SGD,0,null,@{CRT_SEC_9.Balance},@{CRT_SEC_9.Reference},,1,,,,,,,,,,,,,,,,,,,,,,,,,,,,,,,,,,,,,,,,,,,,,,,,,,,,,,,
VSEC2_10,Verify_Sec_Positions_2,VerifySecurityPositions,TRUE,,20000,,@{CRT_SEC_10.SecurityAccountID},@{VSEC_10.Symbol},SGD,0,null,@{CRT_SEC_10.Balance},@{CRT_SEC_10.Reference},,1,,,,,,,,,,,,,,,,,,,,,,,,,,,,,,,,,,,,,,,,,,,,,,,,,,,,,,,
,,,,,,,,,,,,,,,,,,,,,,,,,,,,,,,,,,,,,,,,,,,,,,,,,,,,,,,,,,,,,,,,,,,,,,
#id,#GlobalStep,#Action,#Execute,#TestCase,#timeout,#Comment,#EntitlementID,#DiaryEntryID,#CAOptionCode,#SecuritiesAccountID,#BalanceType,#BalanceSubtype,#BalanceCategory,#CurrencyCode,#InstrumentID,#EligibleQuantity,#EntitledQuantity,#Quantity,#Fraction,#Value,#Tax,#HandlingFee,#HandlingFee GST,#EntitlementCurrency,#IntendedPaymentDate,#CompletedDate,#EntitlementStatus,#EntitlementDistribution,#CreatedDateTime,#LastUpdateDateTime,#IsAggregated,#Latest,,,,,,,,,,,,,,,,,,,,,,,,,,,,,,,,,,,,,,
VENT2_1,Verify_Entitlements_Status_1,VerifyCAEntitlements,TRUE,,20000,Entitlement computation,,@{VRFY_CA_DIARY_ENTRY_id0001.DiaryEntryId},@{CA_Option_id0001.CAOptionCode},@{CRT_SEC_1.SecurityAccountID},0,,,SGD,@{CRT_SEC_1.InstrumentID},@{CRT_SEC_1.Balance},@{CRT_SEC_1.Balance},@{VENT0_1.Quantity},,,,,,,,,Pending Settlement,0,,,0,1,,,,,,,,,,,,,,,,,,,,,,,,,,,,,,,,,,,,,,
VENT2_2,Verify_Entitlements_Status_1,VerifyCAEntitlements,TRUE,,20000,Entitlement computation,,@{VRFY_CA_DIARY_ENTRY_id0001.DiaryEntryId},@{CA_Option_id0001.CAOptionCode},@{CRT_SEC_2.SecurityAccountID},0,,,SGD,@{CRT_SEC_2.InstrumentID},@{CRT_SEC_2.Balance},@{CRT_SEC_2.Balance},@{VENT0_2.Quantity},,,,,,,,,Pending Settlement,0,,,0,1,,,,,,,,,,,,,,,,,,,,,,,,,,,,,,,,,,,,,,
VENT2_3,Verify_Entitlements_Status_1,VerifyCAEntitlements,TRUE,,20000,Entitlement computation,,@{VRFY_CA_DIARY_ENTRY_id0001.DiaryEntryId},@{CA_Option_id0001.CAOptionCode},@{CRT_SEC_3.SecurityAccountID},0,,,SGD,@{CRT_SEC_3.InstrumentID},@{CRT_SEC_3.Balance},@{CRT_SEC_3.Balance},@{VENT0_3.Quantity},,,,,,,,,Pending Settlement,0,,,0,1,,,,,,,,,,,,,,,,,,,,,,,,,,,,,,,,,,,,,,
VENT2_4,Verify_Entitlements_Status_1,VerifyCAEntitlements,TRUE,,20000,Entitlement computation,,@{VRFY_CA_DIARY_ENTRY_id0001.DiaryEntryId},@{CA_Option_id0001.CAOptionCode},@{CRT_SEC_4.SecurityAccountID},0,,,SGD,@{CRT_SEC_4.InstrumentID},@{CRT_SEC_4.Balance},@{CRT_SEC_4.Balance},@{VENT0_4.Quantity},,,,,,,,,Pending Settlement,0,,,0,1,,,,,,,,,,,,,,,,,,,,,,,,,,,,,,,,,,,,,,
VENT2_5,Verify_Entitlements_Status_1,VerifyCAEntitlements,TRUE,,20000,Entitlement computation,,@{VRFY_CA_DIARY_ENTRY_id0001.DiaryEntryId},@{CA_Option_id0001.CAOptionCode},@{CRT_SEC_5.SecurityAccountID},0,,,SGD,@{CRT_SEC_5.InstrumentID},@{CRT_SEC_5.Balance},@{CRT_SEC_5.Balance},@{VENT0_5.Quantity},,,,,,,,,Pending Settlement,0,,,0,1,,,,,,,,,,,,,,,,,,,,,,,,,,,,,,,,,,,,,,
VENT2_6,Verify_Entitlements_Status_1,VerifyCAEntitlements,TRUE,,20000,Entitlement computation,,@{VRFY_CA_DIARY_ENTRY_id0001.DiaryEntryId},@{CA_Option_id0001.CAOptionCode},@{CRT_SEC_6.SecurityAccountID},0,,,SGD,@{CRT_SEC_6.InstrumentID},@{CRT_SEC_6.Balance},@{CRT_SEC_6.Balance},@{VENT0_6.Quantity},,,,,,,,,Pending Settlement,0,,,0,1,,,,,,,,,,,,,,,,,,,,,,,,,,,,,,,,,,,,,,
VENT2_7,Verify_Entitlements_Status_1,VerifyCAEntitlements,TRUE,,20000,Entitlement computation,,@{VRFY_CA_DIARY_ENTRY_id0001.DiaryEntryId},@{CA_Option_id0001.CAOptionCode},@{CRT_SEC_7.SecurityAccountID},0,,,SGD,@{CRT_SEC_7.InstrumentID},@{CRT_SEC_7.Balance},@{CRT_SEC_7.Balance},@{VENT0_7.Quantity},,,,,,,,,Pending Settlement,0,,,0,1,,,,,,,,,,,,,,,,,,,,,,,,,,,,,,,,,,,,,,
VENT2_8,Verify_Entitlements_Status_1,VerifyCAEntitlements,TRUE,,20000,Entitlement computation,,@{VRFY_CA_DIARY_ENTRY_id0001.DiaryEntryId},@{CA_Option_id0001.CAOptionCode},@{CRT_SEC_8.SecurityAccountID},0,,,SGD,@{CRT_SEC_8.InstrumentID},@{CRT_SEC_8.Balance},@{CRT_SEC_8.Balance},@{VENT0_8.Quantity},,,,,,,,,Pending Settlement,0,,,0,1,,,,,,,,,,,,,,,,,,,,,,,,,,,,,,,,,,,,,,
VENT2_9,Verify_Entitlements_Status_1,VerifyCAEntitlements,TRUE,,20000,Entitlement computation,,@{VRFY_CA_DIARY_ENTRY_id0001.DiaryEntryId},@{CA_Option_id0001.CAOptionCode},@{CRT_SEC_9.SecurityAccountID},0,,,SGD,@{CRT_SEC_9.InstrumentID},@{CRT_SEC_9.Balance},@{CRT_SEC_9.Balance},@{VENT0_9.Quantity},,,,,,,,,Pending Settlement,0,,,0,1,,,,,,,,,,,,,,,,,,,,,,,,,,,,,,,,,,,,,,
VENT2_10,Verify_Entitlements_Status_1,VerifyCAEntitlements,TRUE,,20000,Entitlement computation,,@{VRFY_CA_DIARY_ENTRY_id0001.DiaryEntryId},@{CA_Option_id0001.CAOptionCode},@{CRT_SEC_10.SecurityAccountID},0,,,SGD,@{CRT_SEC_10.InstrumentID},@{CRT_SEC_10.Balance},@{CRT_SEC_10.Balance},@{VENT0_10.Quantity},,,,,,,,,Pending Settlement,0,,,0,1,,,,,,,,,,,,,,,,,,,,,,,,,,,,,,,,,,,,,,
,,,,,,,,,,,,,,,,,,,,,,,,,,,,,,,,,,,,,,,,,,,,,,,,,,,,,,,,,,,,,,,,,,,,,,
#id,#GlobalStep,#Action,#Execute,#TestCase,#timeout,#Comment,#ScriptDirectory,#ScriptName,#Parameters,,,,,,,,,,,,,,,,,,,,,,,,,,,,,,,,,,,,,,,,,,,,,,,,,,,,,,,,,,,,,
T_SECU_PAY_DISTR_2,Trigger_PAY_DIC,ExecuteScript,TRUE,,0,,./,ts_inv.sh,,,,,,,,,,,,,,,,,,,,,,,,,,,,,,,,,,,,,,,,,,,,,,,,,,,,,,,,,,,,,,
,,,,,,,,,,,,,,,,,,,,,,,,,,,,,,,,,,,,,,,,,,,,,,,,,,,,,,,,,,,,,,,,,,,,,,
#id,#GlobalStep,#Action,#Execute,#TestCase,#timeout,#ScheduleId,#Enabled,#Time,#DependencyProfile,#State,#ActionInterval,#ActionTimeout,,,,,,,,,,,,,,,,,,,,,,,,,,,,,,,,,,,,,,,,,,,,,,,,,,,,,,,,,,
T_SECU_PAY_DISTR_3,Trigger_PAY_DIC,VerifyTimeScheduleInfo,TRUE,,1000,TS_INV_PAY_DIST_SECU,TRUE,NULL,NULL,3,2,10,,,,,,,,,,,,,,,,,,,,,,,,,,,,,,,,,,,,,,,,,,,,,,,,,,,,,,,,,,
,,,,,,,,,,,,,,,,,,,,,,,,,,,,,,,,,,,,,,,,,,,,,,,,,,,,,,,,,,,,,,,,,,,,,,
#id,#GlobalStep,#Action,#Execute,#TestCase,#timeout,#Comment,#ReferenceUUID,#OptionUniqueReference,#OverSubscriptionAllowed,#CashPaymentDate,#DefaultIndicator,#CAOptionType,#CurrencyPaymentDate,#SecuritiesPaymentDate,#RecordStatus,#AnnouncedCurrency,#AnnouncedPaymentRate,#CABlockBalanceType,#CACashValueIncreaseType,#CAClaimSettlementType,#CACurrency,#CAPaymentTimeSchGroup,#CashPaymentStatus,#CashValueIncrease,#ConditionalIndicator,#ExchangeRate,#IssuerCashPymntReceiveDate,#IssuerCashPymntRemindDate,#IssuerSecuPymntReceiveDate,#IssuerSecuPymntRemindDate,#ObligationSettleDateOffset,#PaymentObligationCurrency,#PaymentObligationGeneration,#PaymentObligationRate,#SecuritiesPaymentStatus,#SizeAdjCashInLieuRate,#SizeAdjFractionHandling,#SizeAdjustment,#SizeAdjustmentFactorTerm1,#SizeAdjustmentFactorTerm2,#SizeRoundingPolicy,#SizeRoundingPrecision,#ThresholdToDistribute,#ValueAdjustment,#ValueAdjustmentCurrency,#ValueRoundingPolicy,#PriceperUnit,#CAOptionCode,#SizeAdjCashInLieuRateCurrency,,,,,,,,,,,,,,,,,,,,,
DE_id0006,Verify_RepeatingOptions_Status4,VerifyCAOption,TRUE,,200,BONU-Bonus Issue Creation,@{VRFY_CA_DIARY_ENTRY_id0001.DiaryEntryId},@{CA_Option_id0001.OptionUniqueReference},No,,,9,,,,,,0,,,SGD,DEF_CA_PAY_TS_GROUP,0,,,10,,,"@{format(time(0),'yyyy/MM/dd')}","@{format(time(0),'yyyy/MM/dd')}",,,,,3,0.75,1,1,5,1,1,4,,0,,1,,@{CA_Option_id0001.CAOptionCode},,,,,,,,,,,,,,,,,,,,,,
,,,,,,,,,,,,,,,,,,,,,,,,,,,,,,,,,,,,,,,,,,,,,,,,,,,,,,,,,,,,,,,,,,,,,,
#id,#GlobalStep,#Action,#Execute,#TestCase,#timeout,#Comment,#Symbol,#CashAccountID,#DiaryEntryId,#CAStatus,#ExDate,#AnnouncementDate,#RecordDate,#SecuritiesAccountID,#ReminderDate,#CalculationDate,#ElectionEndDate,#ElectionStartDate,#CorporateActionReference,#AlternateCAReference,#BalanceCaptureDate,#ExcessAllotmentProcessDate,#CAAllotmentMethod,#CADisseminationType,#CAElectionStatus,#AlternativeIssuerID,#IssuerDepositFlow,#IssuerWithdrawalFlow,#Narration,#CAMandatoryIndicator,#CAType,#CreatedDateTime,#LastUpdatedDateTime,#CAEventTimeSCHGroup,#SettlementInstructionsAdj,#RightsTradingEndDate,#EntitlementConfirmation,#ForeignIssuerCshReceiptAcc,#ForeignRightsCshReceiptAcc,#DependentDiaryEntry,#UseOfDependentCaEvent,#RecordDateHoldingValidation,#EntitledBalanceAdjustment,#PartialOfferRatioTerm1,#PartialOfferRatioTerm2,#WithholdingTaxRate,#HandlingFee,#TaxOnHandlingFee,#FreezeTransactionAdjType,#HypothecationTransAdjType,#ReversibleTransferAdjType,#HoldReversibleTransClaimSI,#AdjFactorComputationMethod,#ComputedPriceAdjCurrency,#ComputedPriceAdjFactor,#ComputedQuantityAdjFactor,#ManualPriceAdjCurrency,#ManualPriceAdjFactor,#ManualQuantityAdjFactor,#CorporateActionDescription,#CADividendType,#RightsTradingStartDate,#CASource,#PaymentCompletionDateTime,#WithdrawnDateTime,#AlternativeCAReference,#CAInvestorRestrictions,#ExternalRequestID,#ReferenceUUID,#NoData
VRFY_CA_DIARY_ENTRY_Status_004,VerifyDiaryEntry_Status4,VerifyCADiaryEntry,TRUE,,2000,BONU-Bonus Issue Creation,@{instrumentId(Static.Instr)},301-CASH,,Payment Complete,,"@{format(time(-6),'yyyy/MM/dd')}","@{format(time(0),'yyyy/MM/dd')}",,,"@{format(time(0),'yyyy/MM/dd')}",,,@{VRFY_CA_DIARY_ENTRY_id0001.CorporateActionReference},@{VRFY_CA_DIARY_ENTRY_id0001.AlternateCAReference},,,,Processing Only,,,,,New Entry,Mandatory,BONU-Bonus Issue,,,TSH_GRP1,,,Disabled,,,,None,Validate Quantity,,,,,,,Adjust Transaction,Adjust Transaction,,,,,,,,,,BONU-Bonus Issue,,,,,,,,,,
,,,,,,,,,,,,,,,,,,,,,,,,,,,,,,,,,,,,,,,,,,,,,,,,,,,,,,,,,,,,,,,,,,,,,,
#id,#GlobalStep,#Action,#Execute,#TestCase,#timeout,#Comment,#EntitlementID,#DiaryEntryID,#CAOptionCode,#SecuritiesAccountID,#BalanceType,#BalanceSubtype,#BalanceCategory,#CurrencyCode,#InstrumentID,#EligibleQuantity,#EntitledQuantity,#Quantity,#Fraction,#Value,#Tax,#HandlingFee,#HandlingFee GST,#EntitlementCurrency,#IntendedPaymentDate,#CompletedDate,#EntitlementStatus,#EntitlementDistribution,#CreatedDateTime,#LastUpdateDateTime,#IsAggregated,#Latest,,,,,,,,,,,,,,,,,,,,,,,,,,,,,,,,,,,,,,
VENT3_1,Verify_Entitlements_Status_2,VerifyCAEntitlements,TRUE,,20000,Entitlement computation,,@{VRFY_CA_DIARY_ENTRY_id0001.DiaryEntryId},@{CA_Option_id0001.CAOptionCode},@{CRT_SEC_1.SecurityAccountID},0,,,SGD,@{CRT_SEC_1.InstrumentID},@{CRT_SEC_1.Balance},@{CRT_SEC_1.Balance},@{VENT0_1.Quantity},,,,,,,,,Complete,0,,,0,1,,,,,,,,,,,,,,,,,,,,,,,,,,,,,,,,,,,,,,
VENT3_2,Verify_Entitlements_Status_2,VerifyCAEntitlements,TRUE,,20000,Entitlement computation,,@{VRFY_CA_DIARY_ENTRY_id0001.DiaryEntryId},@{CA_Option_id0001.CAOptionCode},@{CRT_SEC_2.SecurityAccountID},0,,,SGD,@{CRT_SEC_2.InstrumentID},@{CRT_SEC_2.Balance},@{CRT_SEC_2.Balance},@{VENT0_2.Quantity},,,,,,,,,Complete,0,,,0,1,,,,,,,,,,,,,,,,,,,,,,,,,,,,,,,,,,,,,,
VENT3_3,Verify_Entitlements_Status_2,VerifyCAEntitlements,TRUE,,20000,Entitlement computation,,@{VRFY_CA_DIARY_ENTRY_id0001.DiaryEntryId},@{CA_Option_id0001.CAOptionCode},@{CRT_SEC_3.SecurityAccountID},0,,,SGD,@{CRT_SEC_3.InstrumentID},@{CRT_SEC_3.Balance},@{CRT_SEC_3.Balance},@{VENT0_3.Quantity},,,,,,,,,Complete,0,,,0,1,,,,,,,,,,,,,,,,,,,,,,,,,,,,,,,,,,,,,,
VENT3_4,Verify_Entitlements_Status_2,VerifyCAEntitlements,TRUE,,20000,Entitlement computation,,@{VRFY_CA_DIARY_ENTRY_id0001.DiaryEntryId},@{CA_Option_id0001.CAOptionCode},@{CRT_SEC_4.SecurityAccountID},0,,,SGD,@{CRT_SEC_4.InstrumentID},@{CRT_SEC_4.Balance},@{CRT_SEC_4.Balance},@{VENT0_4.Quantity},,,,,,,,,Complete,0,,,0,1,,,,,,,,,,,,,,,,,,,,,,,,,,,,,,,,,,,,,,
VENT3_5,Verify_Entitlements_Status_2,VerifyCAEntitlements,TRUE,,20000,Entitlement computation,,@{VRFY_CA_DIARY_ENTRY_id0001.DiaryEntryId},@{CA_Option_id0001.CAOptionCode},@{CRT_SEC_5.SecurityAccountID},0,,,SGD,@{CRT_SEC_5.InstrumentID},@{CRT_SEC_5.Balance},@{CRT_SEC_5.Balance},@{VENT0_5.Quantity},,,,,,,,,Complete,0,,,0,1,,,,,,,,,,,,,,,,,,,,,,,,,,,,,,,,,,,,,,
VENT3_6,Verify_Entitlements_Status_2,VerifyCAEntitlements,TRUE,,20000,Entitlement computation,,@{VRFY_CA_DIARY_ENTRY_id0001.DiaryEntryId},@{CA_Option_id0001.CAOptionCode},@{CRT_SEC_6.SecurityAccountID},0,,,SGD,@{CRT_SEC_6.InstrumentID},@{CRT_SEC_6.Balance},@{CRT_SEC_6.Balance},@{VENT0_6.Quantity},,,,,,,,,Complete,0,,,0,1,,,,,,,,,,,,,,,,,,,,,,,,,,,,,,,,,,,,,,
VENT3_7,Verify_Entitlements_Status_2,VerifyCAEntitlements,TRUE,,20000,Entitlement computation,,@{VRFY_CA_DIARY_ENTRY_id0001.DiaryEntryId},@{CA_Option_id0001.CAOptionCode},@{CRT_SEC_7.SecurityAccountID},0,,,SGD,@{CRT_SEC_7.InstrumentID},@{CRT_SEC_7.Balance},@{CRT_SEC_7.Balance},@{VENT0_7.Quantity},,,,,,,,,Complete,0,,,0,1,,,,,,,,,,,,,,,,,,,,,,,,,,,,,,,,,,,,,,
VENT3_8,Verify_Entitlements_Status_2,VerifyCAEntitlements,TRUE,,20000,Entitlement computation,,@{VRFY_CA_DIARY_ENTRY_id0001.DiaryEntryId},@{CA_Option_id0001.CAOptionCode},@{CRT_SEC_8.SecurityAccountID},0,,,SGD,@{CRT_SEC_8.InstrumentID},@{CRT_SEC_8.Balance},@{CRT_SEC_8.Balance},@{VENT0_8.Quantity},,,,,,,,,Complete,0,,,0,1,,,,,,,,,,,,,,,,,,,,,,,,,,,,,,,,,,,,,,
VENT3_9,Verify_Entitlements_Status_2,VerifyCAEntitlements,TRUE,,20000,Entitlement computation,,@{VRFY_CA_DIARY_ENTRY_id0001.DiaryEntryId},@{CA_Option_id0001.CAOptionCode},@{CRT_SEC_9.SecurityAccountID},0,,,SGD,@{CRT_SEC_9.InstrumentID},@{CRT_SEC_9.Balance},@{CRT_SEC_9.Balance},@{VENT0_9.Quantity},,,,,,,,,Complete,0,,,0,1,,,,,,,,,,,,,,,,,,,,,,,,,,,,,,,,,,,,,,
VENT3_10,Verify_Entitlements_Status_2,VerifyCAEntitlements,TRUE,,20000,Entitlement computation,,@{VRFY_CA_DIARY_ENTRY_id0001.DiaryEntryId},@{CA_Option_id0001.CAOptionCode},@{CRT_SEC_10.SecurityAccountID},0,,,SGD,@{CRT_SEC_10.InstrumentID},@{CRT_SEC_10.Balance},@{CRT_SEC_10.Balance},@{VENT0_10.Quantity},,,,,,,,,Complete,0,,,0,1,,,,,,,,,,,,,,,,,,,,,,,,,,,,,,,,,,,,,,
