,,,,,,,,,,,,,,,,,,,,,,,,,,,,,,,,,,,,,,,,,,,,,,,,,,,,,,,,,,,,,,,,,,,,,,
#id,#GlobalStep,#Action,#Execute,#TestCase,#timeout,#Comment,#ScriptDirectory,#ScriptName,#Parameters,,,,,,,,,,,,,,,,,,,,,,,,,,,,,,,,,,,,,,,,,,,,,,,,,,,,,,,,,,,,,
R_TS1,PreparationScheduler,ExecuteScript,TRUE,,0,,./,turn_off.sh,SGSProcessing,,,,,,,,,,,,,,,,,,,,,,,,,,,,,,,,,,,,,,,,,,,,,,,,,,,,,,,,,,,,,
R_TS2,PreparationScheduler,ExecuteScript,TRUE,,0,,./,turn_off.sh,SGXNetting,,,,,,,,,,,,,,,,,,,,,,,,,,,,,,,,,,,,,,,,,,,,,,,,,,,,,,,,,,,,,
R_TS3,PreparationScheduler,ExecuteScript,TRUE,,0,,./,turn_off.sh,SGXProcessing,,,,,,,,,,,,,,,,,,,,,,,,,,,,,,,,,,,,,,,,,,,,,,,,,,,,,,,,,,,,,
,,,,,,,,,,,,,,,,,,,,,,,,,,,,,,,,,,,,,,,,,,,,,,,,,,,,,,,,,,,,,,,,,,,,,,
#id,#GlobalStep,#Action,#Execute,#TestCase,#timeout,#Comment,#ScheduleId,#Enabled,#Time,#DependencyProfile,#State,#StartTime,#CompletedTime,#ModifiedBy,,,,,,,,,,,,,,,,,,,,,,,,,,,,,,,,,,,,,,,,,,,,,,,,,,,,,,,,
V_T0,PreparationScheduler,VerifyTimeScheduleInfo,TRUE,,30000,,SGSProcessing,TRUE,,,Not Started [Dependency Driven],,,System,,,,,,,,,,,,,,,,,,,,,,,,,,,,,,,,,,,,,,,,,,,,,,,,,,,,,,,,
,,,,,,,,,,,,,,,,,,,,,,,,,,,,,,,,,,,,,,,,,,,,,,,,,,,,,,,,,,,,,,,,,,,,,,
#id,#GlobalStep,#Action,#Execute,#TestCase,#timeout,#Comment,#TestCase,#Instr,#Prefix,#ISIN,#SettlCycle,,,,,,,,,,,,,,,,,,,,,,,,,,,,,,,,,,,,,,,,,,,,,,,,,,,,,,,,,,,
Static,Static,SetStatic,TRUE,,0,,,INSTR_015,@{gen('ggg')},1000000,-3,,,,,,,,,,,,,,,,,,,,,,,,,,,,,,,,,,,,,,,,,,,,,,,,,,,,,,,,,,,
,,,,,,,,,,,,,,,,,,,,,,,,,,,,,,,,,,,,,,,,,,,,,,,,,,,,,,,,,,,,,,,,,,,,,,
#id,#GlobalStep,#Action,#Execute,#TestCase,#timeout,#Comment,#Transaction ID,#Request Source,#Deposit Withdraw Type,#Transaction Category,#Transaction Sub Category,#Request Type,#Participant ID,#Requested Participant ID,#Securities_Account_ID,#Instrument_ID,#Transaction Quantity,#Remark,#Balance Expected Reversal Date,#Transferee Name,#Transferee_NRIC_Passport,#Transferee Address,#Transferee Contact Number,#Counterparty Account Name,#Counterparty Account Number,#Counterparty BIC Code,#Beneficial Owner,#Beneficial Owner Acc Number,#Beneficial Owner BIC,#Place Of Settlement,#Trade Date,#Settlement Date,#Declaration,#Matching Reference,#Deposit Withdraw Status,#Deposit Withdraw Sub Status,#Next Status,#Entering User ID,#Last Updated User,#CA Type,#Moratorium Deposit,#Batch ID,,,,,,,,,,,,,,,,,,,,,,,,,,,,
S_D_1,SubmitSecurityDeposit,SubmitSecurityDepositDB,TRUE,,10,,"10000@{trimright(Static.Instr.substring(3),2)}",3,1,27,1234,2,,,555000021115,@{instrumentId(Static.Instr)},4000,TEST REMARK,"@{format(time(0),'dd-MM-yyyy')}",Name1,S1234567D,234,234,1324,124123,41234,1234,1234,23412,234,"@{format(time(0),'dd-MM-yyyy')}","@{format(time(0),'dd-MM-yyyy')}",341234,23412,8,0,0,WEBADMIN,WEBADMIN,0,0,3456,,,,,,,,,,,,,,,,,,,,,,,,,,,,
,,,,,,,,,,,,,,,,,,,,,,,,,,,,,,,,,,,,,,,,,,,,,,,,,,,,,,,,,,,,,,,,,,,,,,
#id,#GlobalStep,#Action,#Execute,#TestCase,#timeout,#Comment,#RequestSource,#DepositWithdrawType,#TransactionCategory,#TransactionSubCategory,#RequestType,#ParticipantID,#RequestedParticipantID,#Securities_Account_ID,#Instrument_ID,#TransactionQuantity,#Remark,#NameOnShareCertificate,#CertificateNumber,#CertificateQuantity,#BalanceExpectedReversalDate,#TransfereeName,#Transferee_NRIC_Passport,#TransfereeAddress,#TransfereeContactNumber,#CounterpartyAccountName,#CounterpartyAccountNumber,#CounterpartyBICCode,#BeneficialOwner,#BeneficialOwnerAccNumber,#BeneficialOwnerBIC,#PlaceOfSettlement,#TradeDate,#SettlementDate,#Declaration,#MatchingReference,#DepositWithdrawStatus,#NextStatus,#EnteringUserID,#LastUpdatedUser,#CAType,#ExternalRequestID,#Latest,#InternalReference,,,,,,,,,,,,,,,,,,,,,,,,,,
V_D_1,VerifySecurityDeposit,VerifySecurityDeposit,TRUE,,2000,,3,1,27,1234,2,,,@{S_D_1.Securities_Account_ID},@{instrumentId(Static.Instr)},@{S_D_1.Transaction_Quantity},TEST REMARK,,,,"@{format(time(0),'dd-MM-yyyy')}",Name1,@{S_D_1.Transferee_NRIC_Passport},234,234,1324,124123,41234,1234,1234,23412,234,"@{format(time(0),'dd-MM-yyyy')}","@{format(time(0),'dd-MM-yyyy')}",341234,23412,5,,,,0,@{S_D_1.External_Request_ID},,,,,,,,,,,,,,,,,,,,,,,,,,,,
,,,,,,,,,,,,,,,,,,,,,,,,,,,,,,,,,,,,,,,,,,,,,,,,,,,,,,,,,,,,,,,,,,,,,,
#id,#GlobalStep,#Action,#Execute,#TestCase,#timeout,#Comment,#PositionAccountID,#Symbol,#CurrencyCode,#BalanceType,#BalanceSubType,#Balance,#Reference,,,,,,,,,,,,,,,,,,,,,,,,,,,,,,,,,,,,,,,,,,,,,,,,,,,,,,,,,
V_SP0_1,VerifySecurityBalance,VerifySecurityPositions,TRUE,,2000,,@{S_D_1.Securities_Account_ID},@{Static.Instr},,Pending Deposit,null,0,,,,,,,,,,,,,,,,,,,,,,,,,,,,,,,,,,,,,,,,,,,,,,,,,,,,,,,,,,
V_SP1_2,VerifySecurityBalance,VerifySecurityPositions,TRUE,,2000,,@{S_D_1.Securities_Account_ID},@{Static.Instr},,Free,null,@{S_D_1.Transaction_Quantity},,,,,,,,,,,,,,,,,,,,,,,,,,,,,,,,,,,,,,,,,,,,,,,,,,,,,,,,,,
,,,,,,,,,,,,,,,,,,,,,,,,,,,,,,,,,,,,,,,,,,,,,,,,,,,,,,,,,,,,,,,,,,,,,,
#id,#GlobalStep,#Action,#Execute,#TestCase,#timeout,#Comment,#Depo Transfer Type,#Source_Security_Account_ID,#Participant ID,#Source Sec Balance Type,#Source Reference,#Destination_Security_Acc_ID,#Receiving Participant,#Desti Sec Balance Type,#Dest Reference,#Instrument_ID,#Transaction Quantity,#Transfer Reference,#Remark,#Entering User ID,#Depo Trans Status,#Pledge Request Source,#Pledge Request Initiator Type,#Request Initiator Side,#Batch ID,#Intended Transfer Date,,,,,,,,,,,,,,,,,,,,,,,,,,,,,,,,,,,,,,,,,,,,
S_TN_1,SubmitSecurityTransfer,SubmitSecurityTransferDB,TRUE,,10,,SGS Allocation Transfer,@{S_D_1.Securities_Account_ID},,0,,555000017720,,0,,@{instrumentId(Static.Instr)},4000,,AAA,WEB,1,0,2,0,3456,"@{format(time(0),'yyyy/MM/dd')}",,,,,,,,,,,,,,,,,,,,,,,,,,,,,,,,,,,,,,,,,,,,
,,,,,,,,,,,,,,,,,,,,,,,,,,,,,,,,,,,,,,,,,,,,,,,,,,,,,,,,,,,,,,,,,,,,,,
#id,#GlobalStep,#Action,#Execute,#TestCase,#timeout,#Comment,#DepoTransferType,#Source_Security_Account_ID,#ParticipantID,#SourceSecBalanceType,#SourceReference,#Destination_Security_Acc_ID,#ReceivingParticipant,#DestiSecBalanceType,#DestReference,#Instrument_ID,#TransactionQuantity,#TransferReference,#Remark,#EnteringUserID,#DepoTransStatus,#PledgeRequestSource,#PledgeRequestInitiatorType,#RequestInitiatorSide,#ObjectID,#Batch ID,#ExternalRequestID,#DepoTransferSubStatus,#SourceBalanceSubType,#DestiBalanceSubType,#RequestedParticipantID,#CheckerAuthUserID,#CheckerAuthDate,#CounterpartyAuthUserID,#CounterpartyAuthDate,#AdminAuthUserID,#AdminAuthDate,#ParentReference,#CreatedUserID,#SourceAuthUserID,#SourceAuthDate,#ReasonCode,#Reason,#ChangedQuantity,,,,,,,,,,,,,,,,,,,,,,,,,,
V_TN_1,VerifySecurityTransfer,VerifySecurityTransfer,TRUE,,2000,,SGS Allocation Transfer,@{S_TN_1.Source_Security_Account_ID},,0,,@{S_TN_1.Destination_Security_Acc_ID},,0,,@{S_TN_1.Instrument_ID},4000,@{S_TN_1.Transfer_Reference},AAA,WEB,10,0,2,0,,3456,@{S_TN_1.External_Request_ID},,,,,,,,,,,,,,,,,,,,,,,,,,,,,,,,,,,,,,,,,,,
,,,,,,,,,,,,,,,,,,,,,,,,,,,,,,,,,,,,,,,,,,,,,,,,,,,,,,,,,,,,,,,,,,,,,,
#id,#GlobalStep,#Action,#Execute,#TestCase,#timeout,#Comment,#ScriptDirectory,#ScriptName,#Parameters,,,,,,,,,,,,,,,,,,,,,,,,,,,,,,,,,,,,,,,,,,,,,,,,,,,,,,,,,,,,,
S_SGS,SGSProcessing,ExecuteScript,TRUE,,0,,./,SGSProcessing.sh,,,,,,,,,,,,,,,,,,,,,,,,,,,,,,,,,,,,,,,,,,,,,,,,,,,,,,,,,,,,,,
,,,,,,,,,,,,,,,,,,,,,,,,,,,,,,,,,,,,,,,,,,,,,,,,,,,,,,,,,,,,,,,,,,,,,,
#id,#GlobalStep,#Action,#Execute,#TestCase,#timeout,#Comment,#ScheduleId,#Enabled,#Time,#DependencyProfile,#State,#StartTime,#CompletedTime,#ModifiedBy,,,,,,,,,,,,,,,,,,,,,,,,,,,,,,,,,,,,,,,,,,,,,,,,,,,,,,,,
V_T1,VerifySGSProcessing,VerifyTimeScheduleInfo,TRUE,,150000,,SGSProcessing,TRUE,,,COMPLETED,,,SYSTEM,,,,,,,,,,,,,,,,,,,,,,,,,,,,,,,,,,,,,,,,,,,,,,,,,,,,,,,,
,,,,,,,,,,,,,,,,,,,,,,,,,,,,,,,,,,,,,,,,,,,,,,,,,,,,,,,,,,,,,,,,,,,,,,
,,,,,,,,,,,,,,,,,,,,,,,,,,,,,,,,,,,,,,,,,,,,,,,,,,,,,,,,,,,,,,,,,,,,,,
,,,,,,,,,,,,,,,,,,,,,,,,,,,,,,,,,,,,,,,,,,,,,,,,,,,,,,,,,,,,,,,,,,,,,,
#id,#GlobalStep,#Action,#Execute,#TestCase,#timeout,#Comment,#ScriptDirectory,#ScriptName,#Parameters,,,,,,,,,,,,,,,,,,,,,,,,,,,,,,,,,,,,,,,,,,,,,,,,,,,,,,,,,,,,,
R_TS,ResetTimeSchedules,ExecuteScript,TRUE,,0,,./,Turnoff.sh,,,,,,,,,,,,,,,,,,,,,,,,,,,,,,,,,,,,,,,,,,,,,,,,,,,,,,,,,,,,,,
,,,,,,,,,,,,,,,,,,,,,,,,,,,,,,,,,,,,,,,,,,,,,,,,,,,,,,,,,,,,,,,,,,,,,,
,,,,,,,,,,,,,,,,,,,,,,,,,,,,,,,,,,,,,,,,,,,,,,,,,,,,,,,,,,,,,,,,,,,,,,
,,,,,,,,,,,,,,,,,,,,,,,,,,,,,,,,,,,,,,,,,,,,,,,,,,,,,,,,,,,,,,,,,,,,,,
#id,#GlobalStep,#Action,#Execute,#TestCase,#timeout,#Comment,#PositionAccountID,#Symbol,#CurrencyCode,#BalanceType,#BalanceSubType,#Balance,#Reference,#PositionID,,,,,,,,,,,,,,,,,,,,,,,,,,,,,,,,,,,,,,,,,,,,,,,,,,,,,,,,
VSEC_1,VerifySecurityPositions,VerifySecurityPositions,TRUE,,20000,,@{securityAccountId('555000017302')},@{Static.Instr},SGD,0,null,4000,,,,,,,,,,,,,,,,,,,,,,,,,,,,,,,,,,,,,,,,,,,,,,,,,,,,,,,,,,
,,,,,,,,,,,,,,,,,,,,,,,,,,,,,,,,,,,,,,,,,,,,,,,,,,,,,,,,,,,,,,,,,,,,,,
#id,#GlobalStep,#Action,#Execute,#TestCase,#timeout,#Comment,#SubMsgType,#OptionUniqueReference,#OverSubscriptionAllowed,#CashPaymentDate,#DefaultIndicator,#CAOptionType,#CurrencyPaymentDate,#SecuritiesPaymentDate,#RecordStatus,#AnnouncedCurrency,#AnnouncedPaymentRate,#CABlockBalanceType,#CACashValueIncreaseType,#CAClaimSettlementType,#CACurrency,#CAPaymentTimeSchGroup,#CashPaymentStatus,#CashValueIncrease,#ConditionalIndicator,#ExchangeRate,#IssuerCashPymntReceiveDate,#IssuerCashPymntRemindDate,#IssuerSecuPymntReceiveDate,#IssuerSecuPymntRemindDate,#ObligationSettleDateOffset,#PaymentObligationCurrency,#PaymentObligationGeneration,#PaymentObligationRate,#SecuritiesPaymentStatus,#SizeAdjCashInLieuRate,#SizeAdjFractionHandling,#SizeAdjustment,#SizeAdjustmentFactorTerm1,#SizeAdjustmentFactorTerm2,#SizeRoundingPolicy,#SizeRoundingPrecision,#ThresholdToDistribute,#ValueAdjustment,#ValueAdjustmentCurrency,#ValueRoundingPolicy,#PriceperUnit,#CAOptionCode,#SizeAdjCashInLieuRateCurrency,,,,,,,,,,,,,,,,,,,,,
CA_Option_id0001,AddCARepeatingGroups,AddRepeatingGroup,TRUE,,100,Bonus Issue Creation,Option,,0,"@{format(time(0),'yyyy/MM/dd')}",1,9,,"@{format(time(0),'yyyy/MM/dd')}",,,1,0,,,SGD,DEF_CA_PAY_TS_GROUP,0,,,,"@{format(time(0),'yyyy/MM/dd')}",,"@{format(time(0),'yyyy/MM/dd')}","@{format(time(0),'yyyy/MM/dd')}",,,0,,0,0.75,1,1,5,1,1,4,,0,,1,,"1@{trimleft(Static.Instr.substring(5),5)}",SGD,,,,,,,,,,,,,,,,,,,,,
,,,,,,,,,,,,,,,,,,,,,,,,,,,,,,,,,,,,,,,,,,,,,,,,,,,,,,,,,,,,,,,,,,,,,,
#id,#GlobalStep,#Action,#Execute,#TestCase,#timeout,#Comment,#Symbol,#CashAccountID,#DiaryEntryID,#CAStatus,#ExDate,#AnnouncementDate,#RecordDate,#SecuritiesAccountID,#ReminderDate,#CalculationDate,#ElectionEndDate,#ElectionStartDate,#CorporateActionReference,#AlternateCAReference,#BalanceCaptureDate,#ExcessAllotmentProcessDate,#CAAllotmentMethod,#CADisseminationType,#CAElectionStatus,#AlternativeIssuerID,#IssuerDepositFlow,#IssuerWithdrawalFlow,#Narration,#CAMandatroyIndicator,#CAType,#CreatedDateTime,#LastUpdatedDateTime,#CAEventTimeSCHGroup,#SettlementInstructionsAdj,#RightsTradingEndDate,#EntitlementConfirmation,#ForeignIssuerCshReceiptAcc,#ForeignRightsCshReceiptAcc,#DependentDiaryEntry,#UseOfDependentCaEvent,#RecDateHoldingValidation,#EntitledBalanceAdjustment,#PartialOfferRatioTerm1,#PartialOfferRatioTerm2,#WithholdingTaxRate,#HandlingFee,#TaxOnHandlingFee,#FreezeTransactionAdjType,#HypothecationTransAdjType,#ReversibleTransferAdjType,#HoldReversibleTransClaimSI,#AdjFactorComputationMethod,#ComputedPriceAdjCurrency,#ComputedPriceAdjFactor,#ComputedQuantityAdjFactor,#ManualPriceAdjCurrency,#ManualPriceAdjFactor,#ManualQuantityAdjFactor,#CorporateActionDescription,#CADividendType,#RightsTradingStartDate,#CASource,#PaymentCompletionDateTime,#WithdrawnDateTime,#AlternativeCAReference,#CAInvestorRestrictions,#RepeatingGroups,,
CA_DIARY_ENTRY_id0001,Create_CADiaryEntry,CreateCADiaryEntry,TRUE,,200,Bonus Issue Creation,@{instrumentId(Static.Instr)},301-CASH,,New,,"@{format(time(-6),'yyyy/MM/dd')}","@{format(time(0),'yyyy/MM/dd')}",,,"@{format(time(0),'yyyy/MM/dd')}",,,"@{trimleft(Static.Instr.substring(5),5)}","@{trimleft(Static.Instr.substring(5),5)}",,,0,3,,,,,New Entry,1,1,,,DEF_CA_TS_GROUP,,,0,,,,0,1,,,,,,,1,1,,,,,,,,,,BONU-Bonus Issue,,,,,,,,CA_Option_id0001,,
,,,,,,,,,,,,,,,,,,,,,,,,,,,,,,,,,,,,,,,,,,,,,,,,,,,,,,,,,,,,,,,,,,,,,,
#id,#GlobalStep,#Action,#Execute,#TestCase,#timeout,#Comment,#Symbol,#CashAccountID,#DiaryEntryId,#CAStatus,#ExDate,#AnnouncementDate,#RecordDate,#SecuritiesAccountID,#ReminderDate,#CalculationDate,#ElectionEndDate,#ElectionStartDate,#CorporateActionReference,#AlternateCAReference,#BalanceCaptureDate,#ExcessAllotmentProcessDate,#CAAllotmentMethod,#CADisseminationType,#CAElectionStatus,#AlternativeIssuerID,#IssuerDepositFlow,#IssuerWithdrawalFlow,#Narration,#CAMandatoryIndicator,#CAType,#CreatedDateTime,#LastUpdatedDateTime,#CAEventTimeSCHGroup,#SettlementInstructionsAdj,#RightsTradingEndDate,#EntitlementConfirmation,#ForeignIssuerCshReceiptAcc,#ForeignRightsCshReceiptAcc,#DependentDiaryEntry,#UseOfDependentCaEvent,#RecDateHoldingValidation,#EntitledBalanceAdjustment,#PartialOfferRatioTerm1,#PartialOfferRatioTerm2,#WithholdingTaxRate,#HandlingFee,#TaxOnHandlingFee,#FreezeTransactionAdjType,#HypothecationTransAdjType,#ReversibleTransferAdjType,#HoldReversibleTransClaimSI,#AdjFactorComputationMethod,#ComputedPriceAdjCurrency,#ComputedPriceAdjFactor,#ComputedQuantityAdjFactor,#ManualPriceAdjCurrency,#ManualPriceAdjFactor,#ManualQuantityAdjFactor,#CorporateActionDescription,#CADividendType,#RightsTradingStartDate,#CASource,#PaymentCompletionDateTime,#WithdrawnDateTime,#AlternativeCAReference,#CAInvestorRestrictions,#ExternalRequestID,#ReferenceUUID,#NoData
VRFY_CA_DIARY_ENTRY_id0001,VerifyDiaryEntry,VerifyCADiaryEntry,TRUE,,2000,Bonus Issue Creation,@{instrumentId(Static.Instr)},301-CASH,,New,,"@{format(time(-6),'yyyy/MM/dd')}","@{format(time(0),'yyyy/MM/dd')}",,,"@{format(time(0),'yyyy/MM/dd')}",,,@{CA_DIARY_ENTRY_id0001.CorporateActionReference},@{CA_DIARY_ENTRY_id0001.AlternateCAReference},,,,Processing Only,,,,,New Entry,Mandatory,BONU-Bonus Issue,,,DEF_CA_TS_GROUP,,,Disabled,,,,None,Validate Quantity,,,,,,,Adjust Transaction,Adjust Transaction,,,,,,,,,,BONU-Bonus Issue,,,,,,,,,,
,,,,,,,,,,,,,,,,,,,,,,,,,,,,,,,,,,,,,,,,,,,,,,,,,,,,,,,,,,,,,,,,,,,,,,
#id,#GlobalStep,#Action,#Execute,#TestCase,#timeout,#Comment,#ReferenceUUID,#OptionUniqueReference,#OverSubscriptionAllowed,#CashPaymentDate,#DefaultIndicator,#CAOptionType,#CurrencyPaymentDate,#SecuritiesPaymentDate,#RecordStatus,#AnnouncedCurrency,#AnnouncedPaymentRate,#CABlockBalanceType,#CACashValueIncreaseType,#CAClaimSettlementType,#CACurrency,#CAPaymentTimeSchGroup,#CashPaymentStatus,#CashValueIncrease,#ConditionalIndicator,#ExchangeRate,#IssuerCashPymntReceiveDate,#IssuerCashPymntRemindDate,#IssuerSecuPymntReceiveDate,#IssuerSecuPymntRemindDate,#ObligationSettleDateOffset,#PaymentObligationCurrency,#PaymentObligationGeneration,#PaymentObligationRate,#SecuritiesPaymentStatus,#SizeAdjCashInLieuRate,#SizeAdjFractionHandling,#SizeAdjustment,#SizeAdjustmentFactorTerm1,#SizeAdjustmentFactorTerm2,#SizeRoundingPolicy,#SizeRoundingPrecision,#ThresholdToDistribute,#ValueAdjustment,#ValueAdjustmentCurrency,#ValueRoundingPolicy,#PriceperUnit,#CAOptionCode,,,,,,,,,,,,,,,,,,,,,,
VRFY_CA_OPTION_id0001,Verify_RepeatingOptions,VerifyCAOption,TRUE,,200,Bonus Issue Creation,@{VRFY_CA_DIARY_ENTRY_id0001.DiaryEntryId},@{CA_Option_id0001.OptionUniqueReference},No,,,9,,"@{format(time(0),'yyyy/MM/dd')}",,,1,0,,,SGD,DEF_CA_PAY_TS_GROUP,,,,,,,"@{format(time(0),'yyyy/MM/dd')}","@{format(time(0),'yyyy/MM/dd')}",,,,,0,0.75,1,1,5,1,1,4,,0,,1,,@{CA_Option_id0001.CAOptionCode},,,,,,,,,,,,,,,,,,,,,,
,,,,,,,,,,,,,,,,,,,,,,,,,,,,,,,,,,,,,,,,,,,,,,,,,,,,,,,,,,,,,,,,,,,,,,
#id,#GlobalStep,#Action,#Execute,#TestCase,#timeout,#Comment,#ScriptDirectory,#ScriptName,#Parameters,,,,,,,,,,,,,,,,,,,,,,,,,,,,,,,,,,,,,,,,,,,,,,,,,,,,,,,,,,,,,
T_RC_2,Trigger_RC,ExecuteScript,TRUE,,0,,./,ts_rec.sh,,,,,,,,,,,,,,,,,,,,,,,,,,,,,,,,,,,,,,,,,,,,,,,,,,,,,,,,,,,,,,
,,,,,,,,,,,,,,,,,,,,,,,,,,,,,,,,,,,,,,,,,,,,,,,,,,,,,,,,,,,,,,,,,,,,,,
#id,#GlobalStep,#Action,#Execute,#TestCase,#timeout,#ScheduleId,#Enabled,#Time,#DependencyProfile,#State,#ActionInterval,#ActionTimeout,,,,,,,,,,,,,,,,,,,,,,,,,,,,,,,,,,,,,,,,,,,,,,,,,,,,,,,,,,
T_RC_3,Trigger_RC,VerifyTimeScheduleInfo,TRUE,,1000,TS_REC_CAPTURE,TRUE,NULL,NULL,3,2,10,,,,,,,,,,,,,,,,,,,,,,,,,,,,,,,,,,,,,,,,,,,,,,,,,,,,,,,,,,
,,,,,,,,,,,,,,,,,,,,,,,,,,,,,,,,,,,,,,,,,,,,,,,,,,,,,,,,,,,,,,,,,,,,,,
#id,#GlobalStep,#Action,#Execute,#TestCase,#timeout,#Comment,#Instrument,#BalanceCurrency,#PositionID,#CADiaryEntryID,#SecuritiesAccountID,#BalanceReference,#BalanceType,#BalanceSubType,#BalanceSettlementSystem,#PositionRecordID,#EntitledBalance,#HORIndicator,#EligibilityIndicator,#EntitlementInformationOnly,#EntitlementDistributedLater,#CreatedDateTime,#Balance,#Latest,,,,,,,,,,,,,,,,,,,,,,,,,,,,,,,,,,,,,,,,,,,,,,
VSEC_RC_1,Verify_Positions_RecCapture,VerifyPositionRecordCapture,TRUE,,20000,,@{instrumentId(Static.Instr)},SGD,@{VSEC_1.PositionID},@{VRFY_CA_DIARY_ENTRY_id0001.DiaryEntryId},@{VSEC_1.PositionAccountID},,0,,,,4000,1,1,0,0,,4000,,,,,,,,,,,,,,,,,,,,,,,,,,,,,,,,,,,,,,,,,,,,,,,
,,,,,,,,,,,,,,,,,,,,,,,,,,,,,,,,,,,,,,,,,,,,,,,,,,,,,,,,,,,,,,,,,,,,,,
#id,#GlobalStep,#Action,#Execute,#TestCase,#timeout,#Comment,#Symbol,#CashAccountID,#DiaryEntryId,#CAStatus,#ExDate,#AnnouncementDate,#RecordDate,#SecuritiesAccountID,#ReminderDate,#CalculationDate,#ElectionEndDate,#ElectionStartDate,#CorporateActionReference,#AlternateCAReference,#BalanceCaptureDate,#ExcessAllotmentProcessDate,#CAAllotmentMethod,#CADisseminationType,#CAElectionStatus,#AlternativeIssuerID,#IssuerDepositFlow,#IssuerWithdrawalFlow,#Narration,#CAMandatoryIndicator,#CAType,#CreatedDateTime,#LastUpdatedDateTime,#CAEventTimeSCHGroup,#SettlementInstructionsAdj,#RightsTradingEndDate,#EntitlementConfirmation,#ForeignIssuerCshReceiptAcc,#ForeignRightsCshReceiptAcc,#DependentDiaryEntry,#UseOfDependentCaEvent,#RecDateHoldingValidation,#EntitledBalanceAdjustment,#PartialOfferRatioTerm1,#PartialOfferRatioTerm2,#WithholdingTaxRate,#HandlingFee,#TaxOnHandlingFee,#FreezeTransactionAdjType,#HypothecationTransAdjType,#ReversibleTransferAdjType,#HoldReversibleTransClaimSI,#AdjFactorComputationMethod,#ComputedPriceAdjCurrency,#ComputedPriceAdjFactor,#ComputedQuantityAdjFactor,#ManualPriceAdjCurrency,#ManualPriceAdjFactor,#ManualQuantityAdjFactor,#CorporateActionDescription,#CADividendType,#RightsTradingStartDate,#CASource,#PaymentCompletionDateTime,#WithdrawnDateTime,#AlternativeCAReference,#CAInvestorRestrictions,#ExternalRequestID,#ReferenceUUID,#NoData
VRFY_CA_DIARY_ENTRY_After_Triger_RC_TS_id0001,VerifyDiaryEntry_StatusRecCapture,VerifyCADiaryEntry,TRUE,,2000,Bonus Issue Creation,@{instrumentId(Static.Instr)},,,2,,"@{format(time(-6),'yyyy/MM/dd')}","@{format(time(0),'yyyy/MM/dd')}",,,"@{format(time(0),'yyyy/MM/dd')}",,,@{CA_DIARY_ENTRY_id0001.CorporateActionReference},@{CA_DIARY_ENTRY_id0001.AlternateCAReference},,,,Processing Only,,,,,New Entry,Mandatory,BONU-Bonus Issue,,,DEF_CA_TS_GROUP,,,Disabled,,,,None,Validate Quantity,,,,,,,Adjust Transaction,Adjust Transaction,,,,,,,,,,BONU-Bonus Issue,,,,,,,,,,
,,,,,,,,,,,,,,,,,,,,,,,,,,,,,,,,,,,,,,,,,,,,,,,,,,,,,,,,,,,,,,,,,,,,,,
#id,#GlobalStep,#Action,#Execute,#TestCase,#timeout,#Comment,#ReferenceUUID,#OptionUniqueReference,#OverSubscriptionAllowed,#CashPaymentDate,#DefaultIndicator,#CAOptionType,#CurrencyPaymentDate,#SecuritiesPaymentDate,#RecordStatus,#AnnouncedCurrency,#AnnouncedPaymentRate,#CABlockBalanceType,#CACashValueIncreaseType,#CAClaimSettlementType,#CACurrency,#CAPaymentTimeSchGroup,#CashPaymentStatus,#CashValueIncrease,#ConditionalIndicator,#ExchangeRate,#IssuerCashPymntReceiveDate,#IssuerCashPymntRemindDate,#IssuerSecuPymntReceiveDate,#IssuerSecuPymntRemindDate,#ObligationSettleDateOffset,#PaymentObligationCurrency,#PaymentObligationGeneration,#PaymentObligationRate,#SecuritiesPaymentStatus,#SizeAdjCashInLieuRate,#SizeAdjFractionHandling,#SizeAdjustment,#SizeAdjustmentFactorTerm1,#SizeAdjustmentFactorTerm2,#SizeRoundingPolicy,#SizeRoundingPrecision,#ThresholdToDistribute,#ValueAdjustment,#ValueAdjustmentCurrency,#ValueRoundingPolicy,#PriceperUnit,#CAOptionCode,,,,,,,,,,,,,,,,,,,,,,
VRFY_CA_DIARY_ENTRY_After_Triger_RC_TS_id0001,VerifyDiaryEntry_StatusRecCapture,VerifyCAOption,TRUE,,200,Bonus Issue Creation,@{VRFY_CA_DIARY_ENTRY_id0001.DiaryEntryId},@{CA_Option_id0001.OptionUniqueReference},No,,,9,,"@{format(time(0),'yyyy/MM/dd')}",,,1,0,,,SGD,DEF_CA_PAY_TS_GROUP,,,,10,,,"@{format(time(0),'yyyy/MM/dd')}","@{format(time(0),'yyyy/MM/dd')}",,,,,0,0.75,1,1,5,1,1,4,,0,,1,,@{CA_Option_id0001.CAOptionCode},,,,,,,,,,,,,,,,,,,,,,
,,,,,,,,,,,,,,,,,,,,,,,,,,,,,,,,,,,,,,,,,,,,,,,,,,,,,,,,,,,,,,,,,,,,,,
#id,#GlobalStep,#Action,#Execute,#TestCase,#timeout,#Comment,#ScriptDirectory,#ScriptName,#Parameters,,,,,,,,,,,,,,,,,,,,,,,,,,,,,,,,,,,,,,,,,,,,,,,,,,,,,,,,,,,,,
T_ENT_2,Trigger_EC,ExecuteScript,TRUE,,0,,./,ts_ent.sh,,,,,,,,,,,,,,,,,,,,,,,,,,,,,,,,,,,,,,,,,,,,,,,,,,,,,,,,,,,,,,
,,,,,,,,,,,,,,,,,,,,,,,,,,,,,,,,,,,,,,,,,,,,,,,,,,,,,,,,,,,,,,,,,,,,,,
#id,#GlobalStep,#Action,#Execute,#TestCase,#timeout,#ScheduleId,#Enabled,#Time,#DependencyProfile,#State,#ActionInterval,#ActionTimeout,,,,,,,,,,,,,,,,,,,,,,,,,,,,,,,,,,,,,,,,,,,,,,,,,,,,,,,,,,
T_ENT_3,Trigger_EC,VerifyTimeScheduleInfo,TRUE,,1000,TS_ENT_COMP,TRUE,NULL,NULL,3,2,10,,,,,,,,,,,,,,,,,,,,,,,,,,,,,,,,,,,,,,,,,,,,,,,,,,,,,,,,,,
,,,,,,,,,,,,,,,,,,,,,,,,,,,,,,,,,,,,,,,,,,,,,,,,,,,,,,,,,,,,,,,,,,,,,,
#id,#GlobalStep,#Action,#Execute,#TestCase,#timeout,#Comment,#EntitlementID,#DiaryEntryID,#CAOptionCode,#SecuritiesAccountID,#BalanceType,#BalanceSubtype,#BalanceCategory,#CurrencyCode,#InstrumentID,#EligibleQuantity,#EntitledQuantity,#Quantity,#Fraction,#Value,#Tax,#HandlingFee,#HandlingFee GST,#EntitlementCurrency,#IntendedPaymentDate,#CompletedDate,#EntitlementStatus,#EntitlementDistribution,#CreatedDateTime,#LastUpdateDateTime,#IsAggregated,#Latest,,,,,,,,,,,,,,,,,,,,,,,,,,,,,,,,,,,,,,
VENT0_1,Verify_Entitlements,VerifyCAEntitlements,TRUE,,20000,Entitlement computation,,@{VRFY_CA_DIARY_ENTRY_id0001.DiaryEntryId},@{CA_Option_id0001.CAOptionCode},@{securityAccountId('555000017302')},0,,,SGD,@{instrumentId(Static.Instr)},4000,4000,800,,,,,,,,,0,0,,,0,1,,,,,,,,,,,,,,,,,,,,,,,,,,,,,,,,,,,,,,
,,,,,,,,,,,,,,,,,,,,,,,,,,,,,,,,,,,,,,,,,,,,,,,,,,,,,,,,,,,,,,,,,,,,,,
#id,#GlobalStep,#Action,#Execute,#TestCase,#timeout,#Comment,#Symbol,#CashAccountID,#DiaryEntryId,#CAStatus,#ExDate,#AnnouncementDate,#RecordDate,#SecuritiesAccountID,#ReminderDate,#CalculationDate,#ElectionEndDate,#ElectionStartDate,#CorporateActionReference,#AlternateCAReference,#BalanceCaptureDate,#ExcessAllotmentProcessDate,#CAAllotmentMethod,#CADisseminationType,#CAElectionStatus,#AlternativeIssuerID,#IssuerDepositFlow,#IssuerWithdrawalFlow,#Narration,#CAMandatoryIndicator,#CAType,#CreatedDateTime,#LastUpdatedDateTime,#CAEventTimeSCHGroup,#SettlementInstructionsAdj,#RightsTradingEndDate,#EntitlementConfirmation,#ForeignIssuerCshReceiptAcc,#ForeignRightsCshReceiptAcc,#DependentDiaryEntry,#UseOfDependentCaEvent,#RecDateHoldingValidation,#EntitledBalanceAdjustment,#PartialOfferRatioTerm1,#PartialOfferRatioTerm2,#WithholdingTaxRate,#HandlingFee,#TaxOnHandlingFee,#FreezeTransactionAdjType,#HypothecationTransAdjType,#ReversibleTransferAdjType,#HoldReversibleTransClaimSI,#AdjFactorComputationMethod,#ComputedPriceAdjCurrency,#ComputedPriceAdjFactor,#ComputedQuantityAdjFactor,#ManualPriceAdjCurrency,#ManualPriceAdjFactor,#ManualQuantityAdjFactor,#CorporateActionDescription,#CADividendType,#RightsTradingStartDate,#CASource,#PaymentCompletionDateTime,#WithdrawnDateTime,#AlternativeCAReference,#CAInvestorRestrictions,#ExternalRequestID,#ReferenceUUID,#NoData
VRFY_CA_DIARY_ENTRY_After_Triger_ENT_TS_id0001,VerifyDiaryEntry_StatusEntilCompute,VerifyCADiaryEntry,TRUE,,2000,Bonus Issue Creation,@{instrumentId(Static.Instr)},,,Entitlements Computed,,"@{format(time(-6),'yyyy/MM/dd')}","@{format(time(0),'yyyy/MM/dd')}",,,"@{format(time(0),'yyyy/MM/dd')}",,,@{CA_DIARY_ENTRY_id0001.CorporateActionReference},@{CA_DIARY_ENTRY_id0001.AlternateCAReference},,,,Processing Only,,,,,New Entry,Mandatory,BONU-Bonus Issue,,,DEF_CA_TS_GROUP,,,Disabled,,,,None,Validate Quantity,,,,,,,Adjust Transaction,Adjust Transaction,,,,,,,,,,BONU-Bonus Issue,,,,,,,,,,
,,,,,,,,,,,,,,,,,,,,,,,,,,,,,,,,,,,,,,,,,,,,,,,,,,,,,,,,,,,,,,,,,,,,,,
#id,#GlobalStep,#Action,#Execute,#TestCase,#timeout,#Comment,#ReferenceUUID,#OptionUniqueReference,#OverSubscriptionAllowed,#CashPaymentDate,#DefaultIndicator,#CAOptionType,#CurrencyPaymentDate,#SecuritiesPaymentDate,#RecordStatus,#AnnouncedCurrency,#AnnouncedPaymentRate,#CABlockBalanceType,#CACashValueIncreaseType,#CAClaimSettlementType,#CACurrency,#CAPaymentTimeSchGroup,#CashPaymentStatus,#CashValueIncrease,#ConditionalIndicator,#ExchangeRate,#IssuerCashPymntReceiveDate,#IssuerCashPymntRemindDate,#IssuerSecuPymntReceiveDate,#IssuerSecuPymntRemindDate,#ObligationSettleDateOffset,#PaymentObligationCurrency,#PaymentObligationGeneration,#PaymentObligationRate,#SecuritiesPaymentStatus,#SizeAdjCashInLieuRate,#SizeAdjFractionHandling,#SizeAdjustment,#SizeAdjustmentFactorTerm1,#SizeAdjustmentFactorTerm2,#SizeRoundingPolicy,#SizeRoundingPrecision,#ThresholdToDistribute,#ValueAdjustment,#ValueAdjustmentCurrency,#ValueRoundingPolicy,#PriceperUnit,#CAOptionCode,,,,,,,,,,,,,,,,,,,,,,
VRFY_CA_OPTION_After_Trigrer_ENT_TS_id0001,VerifyDiaryEntry_StatusEntilCompute,VerifyCAOption,TRUE,,200,Bonus Issue Creation,@{VRFY_CA_DIARY_ENTRY_id0001.DiaryEntryId},@{CA_Option_id0001.OptionUniqueReference},No,,,9,,"@{format(time(0),'yyyy/MM/dd')}",,,1,0,,,SGD,DEF_CA_PAY_TS_GROUP,,,,10,,,"@{format(time(0),'yyyy/MM/dd')}","@{format(time(0),'yyyy/MM/dd')}",,,,,1,0.75,1,1,5,1,1,4,,0,,1,,@{CA_Option_id0001.CAOptionCode},,,,,,,,,,,,,,,,,,,,,,
,,,,,,,,,,,,,,,,,,,,,,,,,,,,,,,,,,,,,,,,,,,,,,,,,,,,,,,,,,,,,,,,,,,,,,
#id,#GlobalStep,#Action,#Execute,#TestCase,#timeout,#Comment,#SecurityAccountID,#InstrumentID,#BalanceType,#BalanceSubType,#Balance,#RequestId,#Currency,#ValuationPrice,#Category,#Reference,,,,,,,,,,,,,,,,,,,,,,,,,,,,,,,,,,,,,,,,,,,,,,,,,,,,,,
CRT_SECU_BALANCE_01,Create_BalancePosition_1,AddSecurityPosition,TRUE,,1000,,999000007876,@{instrumentId(Static.Instr)},0,,100000,,,,,,,,,,,,,,,,,,,,,,,,,,,,,,,,,,,,,,,,,,,,,,,,,,,,,,,,,,,
,,,,,,,,,,,,,,,,,,,,,,,,,,,,,,,,,,,,,,,,,,,,,,,,,,,,,,,,,,,,,,,,,,,,,,
#id,#GlobalStep,#Action,#Execute,#TestCase,#timeout,#Comment,#SourceAccountID,#InstrumentID,#SourceBalanceType,#BalanceSubType,#Balance,#RequestId,#CurrencyCode,#ValuationPrice,#Remarks,#DepositoryTransactionID,#CertificateID,#RequestType,#TransactionType,#DepositType,#CertificateType,#DateOfIssue,#SourceParticipant,#SecurityDepositStatus,#RejectCode,#RejectReason,,,,,,,,,,,,,,,,,,,,,,,,,,,,,,,,,,,,,,,,,,,,
VERFY_CRTD_SECU_BALANCE_01,Verify_Management_Request_1,VerifyDepositoryManagementRequest,TRUE,,10000,vrf crtd secu bal,@{CRT_SECU_BALANCE_01.SecurityAccountID},@{CRT_SECU_BALANCE_01.InstrumentID},0,,@{CRT_SECU_BALANCE_01.Balance},@{CRT_SECU_BALANCE_01.RequestId},,,,,,,,,,,,,,,,,,,,,,,,,,,,,,,,,,,,,,,,,,,,,,,,,,,,,,,,,,
,,,,,,,,,,,,,,,,,,,,,,,,,,,,,,,,,,,,,,,,,,,,,,,,,,,,,,,,,,,,,,,,,,,,,,
#id,#GlobalStep,#Action,#Execute,#TestCase,#timeout,#Comment,#PositionAccountID,#Symbol,#CurrencyCode,#BalanceType,#BalanceSubType,#Balance,#Reference,#PositionID,#CreditDebitIndicator,#DepositoryTransactionID,,,,,,,,,,,,,,,,,,,,,,,,,,,,,,,,,,,,,,,,,,,,,,,,,,,,,,
VSEC1_1,Verify_Sec_Positions_1,VerifySecurityPositions,TRUE,,20000,,@{securityAccountId('555000017302')},@{VSEC_1.Symbol},SGD,0,null,4000,,,1,,,,,,,,,,,,,,,,,,,,,,,,,,,,,,,,,,,,,,,,,,,,,,,,,,,,,,,
,,,,,,,,,,,,,,,,,,,,,,,,,,,,,,,,,,,,,,,,,,,,,,,,,,,,,,,,,,,,,,,,,,,,,,
#id,#GlobalStep,#Action,#Execute,#TestCase,#timeout,#Comment,#ScriptDirectory,#ScriptName,#Parameters,,,,,,,,,,,,,,,,,,,,,,,,,,,,,,,,,,,,,,,,,,,,,,,,,,,,,,,,,,,,,
T_SECU_REMIND_2,Trigger_REMIND,ExecuteScript,TRUE,,0,,./,ts_iss_pay_remind.sh,,,,,,,,,,,,,,,,,,,,,,,,,,,,,,,,,,,,,,,,,,,,,,,,,,,,,,,,,,,,,,
,,,,,,,,,,,,,,,,,,,,,,,,,,,,,,,,,,,,,,,,,,,,,,,,,,,,,,,,,,,,,,,,,,,,,,
#id,#GlobalStep,#Action,#Execute,#TestCase,#timeout,#ScheduleId,#Enabled,#Time,#DependencyProfile,#State,#ActionInterval,#ActionTimeout,,,,,,,,,,,,,,,,,,,,,,,,,,,,,,,,,,,,,,,,,,,,,,,,,,,,,,,,,,
T_SECU_REMIND_3,Trigger_REMIND,VerifyTimeScheduleInfo,TRUE,,1000,TS_ISS_PAY_REMIND_SECU,TRUE,NULL,NULL,3,2,10,,,,,,,,,,,,,,,,,,,,,,,,,,,,,,,,,,,,,,,,,,,,,,,,,,,,,,,,,,
,,,,,,,,,,,,,,,,,,,,,,,,,,,,,,,,,,,,,,,,,,,,,,,,,,,,,,,,,,,,,,,,,,,,,,
#id,#GlobalStep,#Action,#Execute,#TestCase,#timeout,#Comment,#DepoTransferType,#SourceSecurityAccountID,#ParticipantID,#SourceSecBalanceType,#SourceReference,#DestinationSecurityAccID,#ReceivingParticipant,#DestiSecBalanceType,#DestReference,#InstrumentID,#TransactionQuantity,#TransferReference,#Remark,#EnteringUserID,#DepoTransStatus,#PledgeRequestSource,#PledgeRequestInitiatorType,#RequestInitiatorSide,#ExternalRequestID,#DepoTransferSubStatus,#SourceBalanceSubType,#DestiBalanceSubType,#CreatedUserID,#SourceAuthUserID,#SourceAuthDate,#LastRecordUpdatedDate,#LastUpdatedDateTime,,,,,,,,,,,,,,,,,,,,,,,,,,,,,,,,,,,,,
EAR_2,VerifyEarmarkRequest_2,VerifySecurityTransfer,TRUE,sum,20000,,CA_EARMARK,@{CRT_SECU_BALANCE_01.SecurityAccountID},CDP,Free,,@{CRT_SECU_BALANCE_01.SecurityAccountID},CDP,Earmarked,@{CA_DIARY_ENTRY_id0001.CorporateActionReference},@{instrumentId(Static.Instr)},800,,,,6,System,System,0,,,,,,,,,,,,,,,,,,,,,,,,,,,,,,,,,,,,,,,,,,,,,,
,,,,,,,,,,,,,,,,,,,,,,,,,,,,,,,,,,,,,,,,,,,,,,,,,,,,,,,,,,,,,,,,,,,,,,
#id,#GlobalStep,#Action,#Execute,#TestCase,#timeout,#Comment,#ReferenceUUID,#OptionUniqueReference,#OverSubscriptionAllowed,#CashPaymentDate,#DefaultIndicator,#CAOptionType,#CurrencyPaymentDate,#SecuritiesPaymentDate,#RecordStatus,#AnnouncedCurrency,#AnnouncedPaymentRate,#CABlockBalanceType,#CACashValueIncreaseType,#CAClaimSettlementType,#CACurrency,#CAPaymentTimeSchGroup,#CashPaymentStatus,#CashValueIncrease,#ConditionalIndicator,#ExchangeRate,#IssuerCashPymntReceiveDate,#IssuerCashPymntRemindDate,#IssuerSecuPymntReceiveDate,#IssuerSecuPymntRemindDate,#ObligationSettleDateOffset,#PaymentObligationCurrency,#PaymentObligationGeneration,#PaymentObligationRate,#SecuritiesPaymentStatus,#SizeAdjCashInLieuRate,#SizeAdjFractionHandling,#SizeAdjustment,#SizeAdjustmentFactorTerm1,#SizeAdjustmentFactorTerm2,#SizeRoundingPolicy,#SizeRoundingPrecision,#ThresholdToDistribute,#ValueAdjustment,#ValueAdjustmentCurrency,#ValueRoundingPolicy,#PriceperUnit,#CAOptionCode,#SizeAdjCashInLieuRateCurrency,,,,,,,,,,,,,,,,,,,,,
VRFY_CA_OPTION_id3001,Verify_RepeatingOptions_Status_2,VerifyCAOption,TRUE,,200,,@{VRFY_CA_DIARY_ENTRY_id0001.DiaryEntryId},@{CA_Option_id0001.OptionUniqueReference},No,,,9,,,,,,0,,,SGD,DEF_CA_PAY_TS_GROUP,,,,,,,"@{format(time(0),'yyyy/MM/dd')}","@{format(time(0),'yyyy/MM/dd')}",,,,,2,0.75,1,1,5,1,1,4,,0,,1,,@{CA_Option_id0001.CAOptionCode},,,,,,,,,,,,,,,,,,,,,,
,,,,,,,,,,,,,,,,,,,,,,,,,,,,,,,,,,,,,,,,,,,,,,,,,,,,,,,,,,,,,,,,,,,,,,
#id,#GlobalStep,#Action,#Execute,#TestCase,#timeout,#Comment,#Symbol,#CashAccountID,#DiaryEntryId,#CAStatus,#ExDate,#AnnouncementDate,#RecordDate,#SecuritiesAccountID,#ReminderDate,#CalculationDate,#ElectionEndDate,#ElectionStartDate,#CorporateActionReference,#AlternateCAReference,#BalanceCaptureDate,#ExcessAllotmentProcessDate,#CAAllotmentMethod,#CADisseminationType,#CAElectionStatus,#AlternativeIssuerID,#IssuerDepositFlow,#IssuerWithdrawalFlow,#Narration,#CAMandatoryIndicator,#CAType,#CreatedDateTime,#LastUpdatedDateTime,#CAEventTimeSCHGroup,#SettlementInstructionsAdj,#RightsTradingEndDate,#EntitlementConfirmation,#ForeignIssuerCshReceiptAcc,#ForeignRightsCshReceiptAcc,#DependentDiaryEntry,#UseOfDependentCaEvent,#RecDateHoldingValidation,#EntitledBalanceAdjustment,#PartialOfferRatioTerm1,#PartialOfferRatioTerm2,#WithholdingTaxRate,#HandlingFee,#TaxOnHandlingFee,#FreezeTransactionAdjType,#HypothecationTransAdjType,#ReversibleTransferAdjType,#HoldReversibleTransClaimSI,#AdjFactorComputationMethod,#ComputedPriceAdjCurrency,#ComputedPriceAdjFactor,#ComputedQuantityAdjFactor,#ManualPriceAdjCurrency,#ManualPriceAdjFactor,#ManualQuantityAdjFactor,#CorporateActionDescription,#CADividendType,#RightsTradingStartDate,#CASource,#PaymentCompletionDateTime,#WithdrawnDateTime,#AlternativeCAReference,#CAInvestorRestrictions,#ExternalRequestID,#ReferenceUUID,#NoData
VRFY_DIARY_ENTRY_id3001,VerifyDiaryEntry_Status_2,VerifyCADiaryEntry,TRUE,,2000,CA,@{instrumentId(Static.Instr)},,,Entitlements Computed,,"@{format(time(-6),'yyyy/MM/dd')}","@{format(time(0),'yyyy/MM/dd')}",,,"@{format(time(0),'yyyy/MM/dd')}",,,@{CA_DIARY_ENTRY_id0001.CorporateActionReference},@{CA_DIARY_ENTRY_id0001.AlternateCAReference},,,,Processing Only,,,,,New Entry,Mandatory,BONU-Bonus Issue,,,DEF_CA_TS_GROUP,,,Disabled,,,,None,Validate Quantity,,,,,,,Adjust Transaction,Adjust Transaction,,,,,,,,,,BONU-Bonus Issue,,,,,,,,,,
,,,,,,,,,,,,,,,,,,,,,,,,,,,,,,,,,,,,,,,,,,,,,,,,,,,,,,,,,,,,,,,,,,,,,,
#id,#GlobalStep,#Action,#Execute,#TestCase,#timeout,#Comment,#EntitlementID,#DiaryEntryID,#CAOptionCode,#SecuritiesAccountID,#BalanceType,#BalanceSubtype,#BalanceCategory,#CurrencyCode,#InstrumentID,#EligibleQuantity,#EntitledQuantity,#Quantity,#Fraction,#Value,#Tax,#HandlingFee,#HandlingFee GST,#EntitlementCurrency,#IntendedPaymentDate,#CompletedDate,#EntitlementStatus,#EntitlementDistribution,#CreatedDateTime,#LastUpdateDateTime,#IsAggregated,#Latest,,,,,,,,,,,,,,,,,,,,,,,,,,,,,,,,,,,,,,
VENT1_1,Verify_Entitlements_AFT_RMND,VerifyCAEntitlements,TRUE,,20000,Entitlement computation,,@{VRFY_CA_DIARY_ENTRY_id0001.DiaryEntryId},@{CA_Option_id0001.CAOptionCode},@{securityAccountId('555000017302')},0,,,SGD,@{instrumentId(Static.Instr)},4000,4000,@{VENT0_1.Quantity},,,,,,,,,0,0,,,0,1,,,,,,,,,,,,,,,,,,,,,,,,,,,,,,,,,,,,,,
,,,,,,,,,,,,,,,,,,,,,,,,,,,,,,,,,,,,,,,,,,,,,,,,,,,,,,,,,,,,,,,,,,,,,,
#id,#GlobalStep,#Action,#Execute,#TestCase,#timeout,#Comment,#ScriptDirectory,#ScriptName,#Parameters,,,,,,,,,,,,,,,,,,,,,,,,,,,,,,,,,,,,,,,,,,,,,,,,,,,,,,,,,,,,,
TSECU_PAY_RECEIPT_2,Trigger_PAY_REC,ExecuteScript,TRUE,,0,,./,ts_iss_pay_receipt.sh,,,,,,,,,,,,,,,,,,,,,,,,,,,,,,,,,,,,,,,,,,,,,,,,,,,,,,,,,,,,,,
,,,,,,,,,,,,,,,,,,,,,,,,,,,,,,,,,,,,,,,,,,,,,,,,,,,,,,,,,,,,,,,,,,,,,,
#id,#GlobalStep,#Action,#Execute,#TestCase,#timeout,#ScheduleId,#Enabled,#Time,#DependencyProfile,#State,#ActionInterval,#ActionTimeout,,,,,,,,,,,,,,,,,,,,,,,,,,,,,,,,,,,,,,,,,,,,,,,,,,,,,,,,,,
TSECU_PAY_RECEIPT_3,Trigger_PAY_REC,VerifyTimeScheduleInfo,TRUE,,1000,TS_ISS_PAY_RECEIPT_SECU,TRUE,NULL,NULL,3,2,10,,,,,,,,,,,,,,,,,,,,,,,,,,,,,,,,,,,,,,,,,,,,,,,,,,,,,,,,,,
,,,,,,,,,,,,,,,,,,,,,,,,,,,,,,,,,,,,,,,,,,,,,,,,,,,,,,,,,,,,,,,,,,,,,,
#id,#GlobalStep,#Action,#Execute,#TestCase,#timeout,#Comment,#ReferenceUUID,#OptionUniqueReference,#OverSubscriptionAllowed,#CashPaymentDate,#DefaultIndicator,#CAOptionType,#CurrencyPaymentDate,#SecuritiesPaymentDate,#RecordStatus,#AnnouncedCurrency,#AnnouncedPaymentRate,#CABlockBalanceType,#CACashValueIncreaseType,#CAClaimSettlementType,#CACurrency,#CAPaymentTimeSchGroup,#CashPaymentStatus,#CashValueIncrease,#ConditionalIndicator,#ExchangeRate,#IssuerCashPymntReceiveDate,#IssuerCashPymntRemindDate,#IssuerSecuPymntReceiveDate,#IssuerSecuPymntRemindDate,#ObligationSettleDateOffset,#PaymentObligationCurrency,#PaymentObligationGeneration,#PaymentObligationRate,#SecuritiesPaymentStatus,#SizeAdjCashInLieuRate,#SizeAdjFractionHandling,#SizeAdjustment,#SizeAdjustmentFactorTerm1,#SizeAdjustmentFactorTerm2,#SizeRoundingPolicy,#SizeRoundingPrecision,#ThresholdToDistribute,#ValueAdjustment,#ValueAdjustmentCurrency,#ValueRoundingPolicy,#PriceperUnit,#CAOptionCode,#SizeAdjCashInLieuRateCurrency,,,,,,,,,,,,,,,,,,,,,
VRFY_CA_OPTION_id4001,Verify_RepeatingOptions_Status_3,VerifyCAOption,TRUE,,200,,@{VRFY_CA_DIARY_ENTRY_id0001.DiaryEntryId},@{CA_Option_id0001.OptionUniqueReference},No,,,9,,,,,,0,,,SGD,DEF_CA_PAY_TS_GROUP,,,,,,,"@{format(time(0),'yyyy/MM/dd')}","@{format(time(0),'yyyy/MM/dd')}",,,,,2,0.75,1,1,5,1,1,4,,0,,1,,@{CA_Option_id0001.CAOptionCode},,,,,,,,,,,,,,,,,,,,,,
,,,,,,,,,,,,,,,,,,,,,,,,,,,,,,,,,,,,,,,,,,,,,,,,,,,,,,,,,,,,,,,,,,,,,,
#id,#GlobalStep,#Action,#Execute,#TestCase,#timeout,#Comment,#Symbol,#CashAccountID,#DiaryEntryId,#CAStatus,#ExDate,#AnnouncementDate,#RecordDate,#SecuritiesAccountID,#ReminderDate,#CalculationDate,#ElectionEndDate,#ElectionStartDate,#CorporateActionReference,#AlternateCAReference,#BalanceCaptureDate,#ExcessAllotmentProcessDate,#CAAllotmentMethod,#CADisseminationType,#CAElectionStatus,#AlternativeIssuerID,#IssuerDepositFlow,#IssuerWithdrawalFlow,#Narration,#CAMandatoryIndicator,#CAType,#CreatedDateTime,#LastUpdatedDateTime,#CAEventTimeSCHGroup,#SettlementInstructionsAdj,#RightsTradingEndDate,#EntitlementConfirmation,#ForeignIssuerCshReceiptAcc,#ForeignRightsCshReceiptAcc,#DependentDiaryEntry,#UseOfDependentCaEvent,#RecordDateHoldingValidation,#EntitledBalanceAdjustment,#PartialOfferRatioTerm1,#PartialOfferRatioTerm2,#WithholdingTaxRate,#HandlingFee,#TaxOnHandlingFee,#FreezeTransactionAdjType,#HypothecationTransAdjType,#ReversibleTransferAdjType,#HoldReversibleTransClaimSI,#AdjFactorComputationMethod,#ComputedPriceAdjCurrency,#ComputedPriceAdjFactor,#ComputedQuantityAdjFactor,#ManualPriceAdjCurrency,#ManualPriceAdjFactor,#ManualQuantityAdjFactor,#CorporateActionDescription,#CADividendType,#RightsTradingStartDate,#CASource,#PaymentCompletionDateTime,#WithdrawnDateTime,#AlternativeCAReference,#CAInvestorRestrictions,#ExternalRequestID,#ReferenceUUID,#NoData
VRFY_CA_DIARY_ENTRY_Status_003,VerifyDiaryEntry_Status3,VerifyCADiaryEntry,TRUE,,2000,BONU-Bonus Issue Creation,@{instrumentId(Static.Instr)},301-CASH,,Entitlements Confirmed,,"@{format(time(-6),'yyyy/MM/dd')}","@{format(time(0),'yyyy/MM/dd')}",,,"@{format(time(0),'yyyy/MM/dd')}",,,@{VRFY_CA_DIARY_ENTRY_id0001.CorporateActionReference},@{VRFY_CA_DIARY_ENTRY_id0001.AlternateCAReference},,,,Processing Only,,,,,New Entry,Mandatory,BONU-Bonus Issue,,,TSH_GRP1,,,Disabled,,,,None,Validate Quantity,,,,,,,Adjust Transaction,Adjust Transaction,,,,,,,,,,BONU-Bonus Issue,,,,,,,,,,
,,,,,,,,,,,,,,,,,,,,,,,,,,,,,,,,,,,,,,,,,,,,,,,,,,,,,,,,,,,,,,,,,,,,,,
#id,#GlobalStep,#Action,#Execute,#TestCase,#timeout,#Comment,#PositionAccountID,#Symbol,#CurrencyCode,#BalanceType,#BalanceSubType,#Balance,#Reference,#PositionID,#CreditDebitIndicator,#DepositoryTransactionID,,,,,,,,,,,,,,,,,,,,,,,,,,,,,,,,,,,,,,,,,,,,,,,,,,,,,,
VSEC2_1,Verify_Sec_Positions_2,VerifySecurityPositions,TRUE,,20000,,@{securityAccountId('555000017302')},@{VSEC_1.Symbol},SGD,0,null,4000,,,1,,,,,,,,,,,,,,,,,,,,,,,,,,,,,,,,,,,,,,,,,,,,,,,,,,,,,,,
,,,,,,,,,,,,,,,,,,,,,,,,,,,,,,,,,,,,,,,,,,,,,,,,,,,,,,,,,,,,,,,,,,,,,,
#id,#GlobalStep,#Action,#Execute,#TestCase,#timeout,#Comment,#EntitlementID,#DiaryEntryID,#CAOptionCode,#SecuritiesAccountID,#BalanceType,#BalanceSubtype,#BalanceCategory,#CurrencyCode,#InstrumentID,#EligibleQuantity,#EntitledQuantity,#Quantity,#Fraction,#Value,#Tax,#HandlingFee,#HandlingFee GST,#EntitlementCurrency,#IntendedPaymentDate,#CompletedDate,#EntitlementStatus,#EntitlementDistribution,#CreatedDateTime,#LastUpdateDateTime,#IsAggregated,#Latest,,,,,,,,,,,,,,,,,,,,,,,,,,,,,,,,,,,,,,
VENT2_1,Verify_Entitlements_Status_1,VerifyCAEntitlements,TRUE,,20000,Entitlement computation,,@{VRFY_CA_DIARY_ENTRY_id0001.DiaryEntryId},@{CA_Option_id0001.CAOptionCode},@{securityAccountId('555000017302')},0,,,SGD,@{instrumentId(Static.Instr)},4000,4000,@{VENT0_1.Quantity},,,,,,,,,Pending Settlement,0,,,0,1,,,,,,,,,,,,,,,,,,,,,,,,,,,,,,,,,,,,,,
,,,,,,,,,,,,,,,,,,,,,,,,,,,,,,,,,,,,,,,,,,,,,,,,,,,,,,,,,,,,,,,,,,,,,,
#id,#GlobalStep,#Action,#Execute,#TestCase,#timeout,#Comment,#ScriptDirectory,#ScriptName,#Parameters,,,,,,,,,,,,,,,,,,,,,,,,,,,,,,,,,,,,,,,,,,,,,,,,,,,,,,,,,,,,,
T_SECU_PAY_DISTR_2,Trigger_PAY_DIC,ExecuteScript,TRUE,,0,,./,ts_inv.sh,,,,,,,,,,,,,,,,,,,,,,,,,,,,,,,,,,,,,,,,,,,,,,,,,,,,,,,,,,,,,,
,,,,,,,,,,,,,,,,,,,,,,,,,,,,,,,,,,,,,,,,,,,,,,,,,,,,,,,,,,,,,,,,,,,,,,
#id,#GlobalStep,#Action,#Execute,#TestCase,#timeout,#ScheduleId,#Enabled,#Time,#DependencyProfile,#State,#ActionInterval,#ActionTimeout,,,,,,,,,,,,,,,,,,,,,,,,,,,,,,,,,,,,,,,,,,,,,,,,,,,,,,,,,,
T_SECU_PAY_DISTR_3,Trigger_PAY_DIC,VerifyTimeScheduleInfo,TRUE,,1000,TS_INV_PAY_DIST_SECU,TRUE,NULL,NULL,3,2,10,,,,,,,,,,,,,,,,,,,,,,,,,,,,,,,,,,,,,,,,,,,,,,,,,,,,,,,,,,
,,,,,,,,,,,,,,,,,,,,,,,,,,,,,,,,,,,,,,,,,,,,,,,,,,,,,,,,,,,,,,,,,,,,,,
#id,#GlobalStep,#Action,#Execute,#TestCase,#timeout,#Comment,#ReferenceUUID,#OptionUniqueReference,#OverSubscriptionAllowed,#CashPaymentDate,#DefaultIndicator,#CAOptionType,#CurrencyPaymentDate,#SecuritiesPaymentDate,#RecordStatus,#AnnouncedCurrency,#AnnouncedPaymentRate,#CABlockBalanceType,#CACashValueIncreaseType,#CAClaimSettlementType,#CACurrency,#CAPaymentTimeSchGroup,#CashPaymentStatus,#CashValueIncrease,#ConditionalIndicator,#ExchangeRate,#IssuerCashPymntReceiveDate,#IssuerCashPymntRemindDate,#IssuerSecuPymntReceiveDate,#IssuerSecuPymntRemindDate,#ObligationSettleDateOffset,#PaymentObligationCurrency,#PaymentObligationGeneration,#PaymentObligationRate,#SecuritiesPaymentStatus,#SizeAdjCashInLieuRate,#SizeAdjFractionHandling,#SizeAdjustment,#SizeAdjustmentFactorTerm1,#SizeAdjustmentFactorTerm2,#SizeRoundingPolicy,#SizeRoundingPrecision,#ThresholdToDistribute,#ValueAdjustment,#ValueAdjustmentCurrency,#ValueRoundingPolicy,#PriceperUnit,#CAOptionCode,#SizeAdjCashInLieuRateCurrency,,,,,,,,,,,,,,,,,,,,,
DE_id0006,Verify_RepeatingOptions_Status4,VerifyCAOption,TRUE,,200,BONU-Bonus Issue Creation,@{VRFY_CA_DIARY_ENTRY_id0001.DiaryEntryId},@{CA_Option_id0001.OptionUniqueReference},No,,,9,,,,,,0,,,SGD,DEF_CA_PAY_TS_GROUP,0,,,10,,,"@{format(time(0),'yyyy/MM/dd')}","@{format(time(0),'yyyy/MM/dd')}",,,,,3,0.75,1,1,5,1,1,4,,0,,1,,@{CA_Option_id0001.CAOptionCode},,,,,,,,,,,,,,,,,,,,,,
,,,,,,,,,,,,,,,,,,,,,,,,,,,,,,,,,,,,,,,,,,,,,,,,,,,,,,,,,,,,,,,,,,,,,,
#id,#GlobalStep,#Action,#Execute,#TestCase,#timeout,#Comment,#Symbol,#CashAccountID,#DiaryEntryId,#CAStatus,#ExDate,#AnnouncementDate,#RecordDate,#SecuritiesAccountID,#ReminderDate,#CalculationDate,#ElectionEndDate,#ElectionStartDate,#CorporateActionReference,#AlternateCAReference,#BalanceCaptureDate,#ExcessAllotmentProcessDate,#CAAllotmentMethod,#CADisseminationType,#CAElectionStatus,#AlternativeIssuerID,#IssuerDepositFlow,#IssuerWithdrawalFlow,#Narration,#CAMandatoryIndicator,#CAType,#CreatedDateTime,#LastUpdatedDateTime,#CAEventTimeSCHGroup,#SettlementInstructionsAdj,#RightsTradingEndDate,#EntitlementConfirmation,#ForeignIssuerCshReceiptAcc,#ForeignRightsCshReceiptAcc,#DependentDiaryEntry,#UseOfDependentCaEvent,#RecordDateHoldingValidation,#EntitledBalanceAdjustment,#PartialOfferRatioTerm1,#PartialOfferRatioTerm2,#WithholdingTaxRate,#HandlingFee,#TaxOnHandlingFee,#FreezeTransactionAdjType,#HypothecationTransAdjType,#ReversibleTransferAdjType,#HoldReversibleTransClaimSI,#AdjFactorComputationMethod,#ComputedPriceAdjCurrency,#ComputedPriceAdjFactor,#ComputedQuantityAdjFactor,#ManualPriceAdjCurrency,#ManualPriceAdjFactor,#ManualQuantityAdjFactor,#CorporateActionDescription,#CADividendType,#RightsTradingStartDate,#CASource,#PaymentCompletionDateTime,#WithdrawnDateTime,#AlternativeCAReference,#CAInvestorRestrictions,#ExternalRequestID,#ReferenceUUID,#NoData
VRFY_CA_DIARY_ENTRY_Status_004,VerifyDiaryEntry_Status4,VerifyCADiaryEntry,TRUE,,2000,BONU-Bonus Issue Creation,@{instrumentId(Static.Instr)},301-CASH,,Payment Complete,,"@{format(time(-6),'yyyy/MM/dd')}","@{format(time(0),'yyyy/MM/dd')}",,,"@{format(time(0),'yyyy/MM/dd')}",,,@{VRFY_CA_DIARY_ENTRY_id0001.CorporateActionReference},@{VRFY_CA_DIARY_ENTRY_id0001.AlternateCAReference},,,,Processing Only,,,,,New Entry,Mandatory,BONU-Bonus Issue,,,TSH_GRP1,,,Disabled,,,,None,Validate Quantity,,,,,,,Adjust Transaction,Adjust Transaction,,,,,,,,,,BONU-Bonus Issue,,,,,,,,,,
,,,,,,,,,,,,,,,,,,,,,,,,,,,,,,,,,,,,,,,,,,,,,,,,,,,,,,,,,,,,,,,,,,,,,,
#id,#GlobalStep,#Action,#Execute,#TestCase,#timeout,#Comment,#EntitlementID,#DiaryEntryID,#CAOptionCode,#SecuritiesAccountID,#BalanceType,#BalanceSubtype,#BalanceCategory,#CurrencyCode,#InstrumentID,#EligibleQuantity,#EntitledQuantity,#Quantity,#Fraction,#Value,#Tax,#HandlingFee,#HandlingFee GST,#EntitlementCurrency,#IntendedPaymentDate,#CompletedDate,#EntitlementStatus,#EntitlementDistribution,#CreatedDateTime,#LastUpdateDateTime,#IsAggregated,#Latest,,,,,,,,,,,,,,,,,,,,,,,,,,,,,,,,,,,,,,
VENT3_1,Verify_Entitlements_Status_2,VerifyCAEntitlements,TRUE,,20000,Entitlement computation,,@{VRFY_CA_DIARY_ENTRY_id0001.DiaryEntryId},@{CA_Option_id0001.CAOptionCode},@{securityAccountId('555000017302')},0,,,SGD,@{instrumentId(Static.Instr)},4000,4000,@{VENT0_1.Quantity},,,,,,,,,Complete,0,,,0,1,,,,,,,,,,,,,,,,,,,,,,,,,,,,,,,,,,,,,,
,,,,,,,,,,,,,,,,,,,,,,,,,,,,,,,,,,,,,,,,,,,,,,,,,,,,,,,,,,,,,,,,,,,,,,
,,,,,,,,,,,,,,,,,,,,,,,,,,,,,,,,,,,,,,,,,,,,,,,,,,,,,,,,,,,,,,,,,,,,,,
#id,#GlobalStep,#Action,#Execute,#TestCase,#timeout,#Comment,#Depo Transfer Type,#Source_Security_Account_ID,#Participant ID,#Source Sec Balance Type,#Source Reference,#Destination_Security_Acc_ID,#Receiving Participant,#Desti Sec Balance Type,#Dest Reference,#Instrument_ID,#Transaction Quantity,#Transfer Reference,#Remark,#Entering User ID,#Depo Trans Status,#Pledge Request Source,#Pledge Request Initiator Type,#Request Initiator Side,#Batch ID,#Intended Transfer Date,,,,,,,,,,,,,,,,,,,,,,,,,,,,,,,,,,,,,,,,,,,,
to_pool_1,SubmitPool,SubmitSecurityTransferDB,TRUE,,10,,Clearing Account Transfer,555000017720,,0,,555000018542,,0,,@{instrumentId(Static.Instr)},4500,,AAA,WEB,1,0,2,0,3456,"@{format(time(0),'yyyy/MM/dd')}",,,,,,,,,,,,,,,,,,,,,,,,,,,,,,,,,,,,,,,,,,,,
,,,,,,,,,,,,,,,,,,,,,,,,,,,,,,,,,,,,,,,,,,,,,,,,,,,,,,,,,,,,,,,,,,,,,,
#id,#GlobalStep,#Action,#Execute,#TestCase,#timeout,#Comment,#BalanceType,#Balance,#Instrument_ID,#Symbol,#PositionAccountID,#Latest,#CreditDebitIndicator,#Reference,,,,,,,,,,,,,,,,,,,,,,,,,,,,,,,,,,,,,,,,,,,,,,,,,,,,,,,,
V_pool_1,VerifyPool,VerifySecurityPositions,TRUE,,3000,,0,4500,@{instrumentId(Static.Instr)},@{Static.Instr},555000018542,1,,,,,,,,,,,,,,,,,,,,,,,,,,,,,,,,,,,,,,,,,,,,,,,,,,,,,,,,,,
,,,,,,,,,,,,,,,,,,,,,,,,,,,,,,,,,,,,,,,,,,,,,,,,,,,,,,,,,,,,,,,,,,,,,,
#id,#GlobalStep,#Action,#Execute,#TestCase,#Timeout,#Comment,#MsgType,#CentralModule,#ServerType,#TransactionNbr,#Items,#NamedStruct1,#StructSize1,#TrCode_CountryId,#TrCode_CustomerId,#TrCode_UserId,#Series_Country,#Series_Market,#Series_InstrumentGroup,#Series_Modifier,#Series_Commodity,#Series_ExpirationDate,#Series_StrikePlace,#OrderNumber,#SequenceNumber,#TradeNumber,#DealPrice,#TradeQuantity,#Account_CountryId,#Account_ExCustomer,#Account_AccountId,#Account_Filler3,#CustomerInfo,#BoughtOrSold,#DealSource,#OpenCloseReq,#TradeType,#UserCode_CountryId,#UserCode_CustomerId,#UserCode_UserId,#TradeState,#DealNumber,#ExchInfo_TraderId,#ExchInfo_CPTraderId,#ExchInfo_AmalgCode,#ExchInfo_SettCurrency,#ExchInfo_CPFFlag,#ExchInfo_CustomerInfo,#ClearingDate,#ExecTS_tv_sec,#ExecTS_tv_nsec,#Instance,#Party_CountryId,#Party_ExCustomer,#Party_Filler1,#TradeRepCode,#NamedStruct2,#StructSize2,#SGETradeNumber,#NamedStruct3,#StructSize3,#CorrYieldPrice,#AccruedInterest,#Consideration,,,,,,
S_DBuy_1,SendDeal,SendBroadcast,TRUE,,300,,CB15,C,B,15,3,BaseAPI,284,ST,03XXX,TRCU1,SGX,Ready,Cash,0,15,0,0,1;1;1;1,2,@{Static.Prefix}0001,88,25,ST,27XXX,1110001,,Buy1,Buy,Auto,No Contra,New,ST,ERXXX,USX21,Active,@{Static.Prefix}0001,EXINF,CP1,0,SGD,Non-CPF,Buy_@{Static.Prefix}0001,"@{format(time(Static.SettlCycle),'yyyyMMdd')}",36000,0,1,ST,CPAR2,,1,SGEAPI,4,@{Static.Prefix}0001,FixedIncomeAPI,20,0,0,0,,,,,,
S_DSell_1,SendDeal,SendBroadcast,TRUE,,300,,CB15,C,B,15,3,BaseAPI,284,ST,05XXX,TRCU1,SGX,Ready,Cash,0,15,0,0,1;1;1;1,2,@{Static.Prefix}0001,88,25,ST,27XXX,1110001,,Sell1,Sell,Auto,No Contra,New,ST,ERXXX,USX21,Active,@{Static.Prefix}0001,EXINF,CP1,0,SGD,Non-CPF,Sell_@{Static.Prefix}0001,"@{format(time(Static.SettlCycle),'yyyyMMdd')}",36000,0,1,ST,CPAR2,,1,SGEAPI,4,@{Static.Prefix}0001,FixedIncomeAPI,20,0,0,0,,,,,,
,,,,,,,,,,,,,,,,,,,,,,,,,,,,,,,,,,,,,,,,,,,,,,,,,,,,,,,,,,,,,,,,,,,,,,
#id,#GlobalStep,#Action,#Execute,#TestCase,#Timeout,#Comment,#TradeDate,#ISD,#DealID,#CDPDealID,#Side,#TradingMember,#Account,#Instrument,#Married,#Overnight,#AllocPx,#AllocQty,#AllocValue,#TradeCurrency,#SettCurrency,#User,#Status,#AllocRef,#Created,#ParentAlloc,#Basis,#OriginalQty,#AI,#OriginalPx,#OriginalOrder,#Contra,#OriginalAccount,#ExchangeInfo,#CustomerInfo,#CPMember,#Siqty,#DefaultContra,#Cancelled_Pool_Id,#Cancelled_SI_Quantity,#Cancelled_Pool_Contra_Id,#LockStatus,,,,,,,,,,,,,,,,,,,,,,,,,,,,
V_ABuy_1,VerifyAllocation,VerifyAllocation,TRUE,,1000,,"@{format(time(Static.SettlCycle),'yyyy/MM/dd')}","@{format(time(0),'yyyy/MM/dd')}",0010011000@{S_DBuy_1.SGETradeNumber},,Buy,"2@{trimleft(S_DBuy_1.TrCode_CustomerId,2)}","2@{trimleft(S_DBuy_1.TrCode_CustomerId,2)}.@{S_DBuy_1.Account_AccountId}",INSTR_0@{S_DBuy_1.Series_Commodity},No,No,@{S_DBuy_1.DealPrice},@{S_DBuy_1.TradeQuantity},@{(int)S_DBuy_1.DealPrice*(int)S_DBuy_1.TradeQuantity},SGD,SGD,AUTO,New,null,,null,,@{S_DBuy_1.TradeQuantity},,,,No,,,@{S_DBuy_1.CustomerInfo},,Free,null,null,null,null,Free,,,,,,,,,,,,,,,,,,,,,,,,,,,,
V_ASell_1,VerifyAllocation,VerifyAllocation,TRUE,,1000,,"@{format(time(Static.SettlCycle),'yyyy/MM/dd')}","@{format(time(0),'yyyy/MM/dd')}",0010011000@{S_DSell_1.SGETradeNumber},,Sell,"2@{trimleft(S_DSell_1.TrCode_CustomerId,2)}","2@{trimleft(S_DSell_1.TrCode_CustomerId,2)}.@{S_DSell_1.Account_AccountId}",INSTR_0@{S_DSell_1.Series_Commodity},No,No,@{S_DSell_1.DealPrice},@{S_DSell_1.TradeQuantity},@{(int)S_DSell_1.DealPrice*(int)S_DSell_1.TradeQuantity},SGD,SGD,AUTO,New,null,,null,,@{S_DSell_1.TradeQuantity},,,,No,,,@{S_DSell_1.CustomerInfo},,Free,null,null,null,null,Free,,,,,,,,,,,,,,,,,,,,,,,,,,,,
,,,,,,,,,,,,,,,,,,,,,,,,,,,,,,,,,,,,,,,,,,,,,,,,,,,,,,,,,,,,,,,,,,,,,,
#id,#GlobalStep,#Action,#Execute,#TestCase,#Timeout,#Comment,#ConnectionName,#WrapperSender,#WrapperReceiver,#PartyFrom,#PartyTo,#BusinessMsgId,#CreationDate,#CopyDuplicate,#PossibleDuplicate,#TransactionId,#SecMovementType,#PaymentType,#TradeIdentification,#MarketIdentifier,#PlaceOfTradeType,#TradeDate,#SettlementDate,#DealPriceValueType,#DealPricePercRate,#DealPriceCcy,#DealPriceAmt,#SettlementInstructionProcessingAdditionalDetails,#ISIN,#SettlementQtyUnit,#SettlementQtyFaceAmt,#AccountOwnerBIC,#AccountOwnerPropId,#AccountOwnerPropIssuer,#SafekeepingAccount,#HoldIndicator,#SecTransactionTypeCode,#SecTransactionTypePropId,#SecTransactionTypePropIssuer,#SettSysMethodPropId,#SettSysMethodPropIssuer,#DepositoryBIC_DELI,#Party1BIC_DELI,#Party1PropId_DELI,#Party1PropIssuer_DELI,#DepositoryBIC_RECE,#Party1BIC_RECE,#Party1PropId_RECE,#Party1PropIssuer_RECE,#SettlementCcy,#SettlementAmount,#DebitCreditInd,#AICcy,#AIAmount,#AIDebitCreditInd,#LocalBrCommissionCcy,#LocalBrCommissionAmount,#ForeignExchDetailsUnitCcy,#ForeignExchDetailsQuotedCcy,#ForeignExchDetailsExRate,#ForeignExchDetailsResCcy,#ForeignExchDetailsResAmount,#InvestorName,#InvestorSafekeepingAccount,,,,,,
S_Sell_SI_1,SendSi,SendSese023,TRUE,,0,,@{V_ASell_1.TradingMember},@{V_ASell_1.TradingMember},SGXPTS,@{V_ASell_1.TradingMember},CDP,BIZ@{Static.Prefix}@{gen('ggggggggg')},"@{format(time(0),'yyyy-MM-dd')+'T10:00:00Z'}",,,@{gen('ggggggg')},RECE,FREE,@{V_ASell_1.InternalAllocID},XSES,EXCH,"@{format(time(Static.SettlCycle),'yyyy-MM-dd')}","@{format(time(0),'yyyy-MM-dd')}",PARV,,SGD,@{V_ASell_1.AllocPx},,SGINS@{(int)Static.ISIN+(int)V_ASell_1.Instrument.substring(7)},@{V_ASell_1.AllocQty},,IGTESTAE,,,555000018542,,TRAD,,,,,CDPLSGSG,NCBICNNK,,,,,,,,,,,,,,,,,,,,,,,,,,,
S_Buy_SI_1,SendSi,SendSese023,TRUE,,0,,@{V_ABuy_1.TradingMember},@{V_ABuy_1.TradingMember},SGXPTS,@{V_ABuy_1.TradingMember},CDP,BIZ@{Static.Prefix}@{gen('ggggggggg')},"@{format(time(0),'yyyy-MM-dd')+'T10:00:00Z'}",,,@{gen('ggggggg')},DELI,FREE,@{V_ABuy_1.InternalAllocID},XSES,EXCH,"@{format(time(Static.SettlCycle),'yyyy-MM-dd')}","@{format(time(0),'yyyy-MM-dd')}",PARV,,SGD,@{V_ABuy_1.AllocPx},,SGINS@{(int)Static.ISIN+(int)V_ABuy_1.Instrument.substring(7)},@{V_ABuy_1.AllocQty},,IGTESTAC,,,555000018486,,TRAD,,,,,,,,,CDPLSGSG,NCBICNNK,,,,,,,,,,,,,,,,,,,,,,,
,,,,,,,,,,,,,,,,,,,,,,,,,,,,,,,,,,,,,,,,,,,,,,,,,,,,,,,,,,,,,,,,,,,,,,
#id,#GlobalStep,#Action,#Execute,#Testcase,#Timeout,#Comment,#Delivering_Balance_Type,#Delivering_External_Bank,#Delivering_Internal_Cash_Acc,#Delivering_Mirror_Account,#Cash_Instruction_Source,#Cash_Tx_Value,#Cash_Tx_Processed_Amount,#Currency_Code,#Request_Initiator_Type,#Remark,#Cash_Transaction_Type,#Cash_Transaction_Sub_Type,#Source_Purpose,#Source_Location,#Cash_Transaction_Status,#Cash_Transaction_Sub_Status,,,,,,,,,,,,,,,,,,,,,,,,,,,,,,,,,,,,,,,,,,,,,,,,
AC_1,AddCashBalance,SendCashBalanceTransactionDB,TRUE,,0,,1,UOB,@{V_ABuy_1.TradingMember}-CASH,,1,1000000000,,SGD,1,1,62,4,1,,1,1,,,,,,,,,,,,,,,,,,,,,,,,,,,,,,,,,,,,,,,,,,,,,,,,
,,,,,,,,,,,,,,,,,,,,,,,,,,,,,,,,,,,,,,,,,,,,,,,,,,,,,,,,,,,,,,,,,,,,,,
#id,#GlobalStep,#Action,#Execute,#TestCase,#Timeout,#Comment,#ScriptDirectory,#ScriptName,#Parameters,,,,,,,,,,,,,,,,,,,,,,,,,,,,,,,,,,,,,,,,,,,,,,,,,,,,,,,,,,,,,
QSL,Netting,ExecuteScript,TRUE,,10,,./,turn_on.sh,SGXNetting,,,,,,,,,,,,,,,,,,,,,,,,,,,,,,,,,,,,,,,,,,,,,,,,,,,,,,,,,,,,,
,,,,,,,,,,,,,,,,,,,,,,,,,,,,,,,,,,,,,,,,,,,,,,,,,,,,,,,,,,,,,,,,,,,,,,
#id,#GlobalStep,#Action,#Execute,#TestCase,#Timeout,#Comment,#ScheduleId,#Enabled,#Time,#DependencyProfile,#State,#StartTime,#CompletedTime,#ModifiedBy,,,,,,,,,,,,,,,,,,,,,,,,,,,,,,,,,,,,,,,,,,,,,,,,,,,,,,,,
G7P,VerificationNetting,VerifyTimeScheduleInfo,TRUE,,30000,,SGXNetting,TRUE,,,Completed,,,System,,,,,,,,,,,,,,,,,,,,,,,,,,,,,,,,,,,,,,,,,,,,,,,,,,,,,,,,
,,,,,,,,,,,,,,,,,,,,,,,,,,,,,,,,,,,,,,,,,,,,,,,,,,,,,,,,,,,,,,,,,,,,,,
#id,#GlobalStep,#Action,#Execute,#TestCase,#Timeout,#Comment,#ScriptDirectory,#ScriptName,#Parameters,,,,,,,,,,,,,,,,,,,,,,,,,,,,,,,,,,,,,,,,,,,,,,,,,,,,,,,,,,,,,
NA7,Processing,ExecuteScript,TRUE,,10,,./,turn_on.sh,SGXProcessing,,,,,,,,,,,,,,,,,,,,,,,,,,,,,,,,,,,,,,,,,,,,,,,,,,,,,,,,,,,,,
,,,,,,,,,,,,,,,,,,,,,,,,,,,,,,,,,,,,,,,,,,,,,,,,,,,,,,,,,,,,,,,,,,,,,,
#id,#GlobalStep,#Action,#Execute,#TestCase,#Timeout,#Comment,#ScheduleId,#Enabled,#Time,#DependencyProfile,#State,#StartTime,#CompletedTime,#ModifiedBy,,,,,,,,,,,,,,,,,,,,,,,,,,,,,,,,,,,,,,,,,,,,,,,,,,,,,,,,
X44,VerificationProcessing,VerifyTimeScheduleInfo,TRUE,,30000,,SGXProcessing,TRUE,,,Completed,,,System,,,,,,,,,,,,,,,,,,,,,,,,,,,,,,,,,,,,,,,,,,,,,,,,,,,,,,,,
,,,,,,,,,,,,,,,,,,,,,,,,,,,,,,,,,,,,,,,,,,,,,,,,,,,,,,,,,,,,,,,,,,,,,,
#id,#GlobalStep,#Action,#Execute,#TestCase,#Timeout,#Comment,#Checksum,,,,,,,,,,,,,,,,,,,,,,,,,,,,,,,,,,,,,,,,,,,,,,,,,,,,,,,,,,,,,,,
70T,Checksum,SetStatic,TRUE,,0,,379,,,,,,,,,,,,,,,,,,,,,,,,,,,,,,,,,,,,,,,,,,,,,,,,,,,,,,,,,,,,,,,
